product_qty,bkwt,length,width,height,days_until_departure,rcsvol,bkvol,diff,DMV_flag,product_type_arm,product_type_avi,product_type_dgr,product_type_gen,product_type_hum,product_type_per,product_type_val,product_type_vun
1.0,500.0,16.0,16.0,10.0,3,2560.0,2560.0,0.0,0,True,False,False,False,False,False,False,False
5.0,3600.0,35.0,50.0,25.0,3,43750.0,43750.0,0.0,0,False,False,False,True,False,False,False,False
2.0,850.0,69.0,11.0,11.0,3,8349.0,8349.0,0.0,0,False,False,False,False,False,True,False,False
4.0,150.0,16.0,11.0,5.0,2,880.0,880.0,0.0,0,True,False,False,False,False,False,False,False
2.0,6050.0,55.0,46.0,10.0,3,25300.0,25300.0,0.0,0,False,False,False,False,True,False,False,False
3.0,377.0,18.0,15.0,13.0,2,3510.0,3510.0,0.0,0,False,False,False,False,True,False,False,False
5.0,900.0,22.0,18.0,7.0,2,2772.0,2772.0,0.0,0,False,False,False,False,False,False,True,False
1.0,455.0,36.0,27.0,18.0,3,17496.0,17496.0,0.0,0,False,False,False,True,False,False,False,False
1.0,2100.0,53.0,40.0,27.0,3,57240.0,32100.0,0.7831775700934579,1,False,False,False,False,False,False,False,True
1.0,550.0,23.0,23.0,15.0,3,7935.0,9318.0,0.14842240824211203,0,False,False,False,True,False,False,False,False
1.0,300.0,16.0,20.0,30.0,2,9600.0,9980.0,0.03807615230460922,0,False,False,False,False,False,True,False,False
1.0,600.0,26.0,17.0,17.0,1,7514.0,7514.0,0.0,0,False,False,True,False,False,False,False,False
2.0,3000.0,69.0,11.0,11.0,3,8349.0,8349.0,0.0,0,False,False,False,False,False,True,False,False
1.0,300.0,16.0,11.0,2.0,2,352.0,2318.0,0.8481449525452976,1,False,False,False,True,False,False,False,False
1.0,700.0,19.0,35.0,48.0,1,31920.0,18490.0,0.7263385613845322,1,False,False,False,True,False,False,False,False
4.0,7800.0,105.0,40.0,10.0,2,42000.0,42000.0,0.0,0,True,False,False,False,False,False,False,False
2.0,1000.0,30.0,24.0,7.0,1,5040.0,6270.0,0.19617224880382775,0,False,False,False,False,False,False,True,False
1.0,103.0,21.0,14.0,6.0,2,1764.0,1764.0,0.0,0,False,True,False,False,False,False,False,False
4.0,1100.0,32.0,30.0,5.0,1,4800.0,4800.0,0.0,0,False,False,False,False,False,False,False,True
1.0,200.0,19.0,11.0,4.0,3,836.0,836.0,0.0,0,False,False,False,False,False,False,False,True
6.0,300.0,17.0,12.0,4.0,3,816.0,816.0,0.0,0,False,False,False,False,True,False,False,False
2.0,200.0,20.0,20.0,20.0,2,8000.0,8000.0,0.0,0,False,False,False,False,False,False,True,False
1.0,300.0,40.0,30.0,4.0,2,4800.0,4800.0,0.0,0,False,False,False,False,True,False,False,False
3.0,300.0,24.0,12.0,12.0,3,3456.0,3456.0,0.0,0,False,False,False,False,False,False,True,False
1.0,800.0,31.0,21.0,5.0,1,3255.0,4043.75,0.19505409582689334,0,False,False,False,False,False,False,False,True
2.0,400.0,27.0,20.0,5.0,3,2700.0,3226.0,0.16305021698698077,0,False,False,False,False,False,True,False,False
4.0,2550.0,29.0,45.0,24.0,1,31320.0,31320.0,0.0,0,False,False,False,False,False,False,False,True
1.0,500.0,20.0,13.0,13.0,1,3380.0,3380.0,0.0,0,False,True,False,False,False,False,False,False
4.0,1388.0,34.0,31.0,9.0,2,9486.0,9486.0,0.0,0,False,False,False,False,False,True,False,False
1.0,1467.0,23.0,20.0,16.0,1,7360.0,7360.0,0.0,0,False,False,False,False,False,False,True,False
2.0,350.0,16.0,16.0,10.0,1,2560.0,2560.0,0.0,0,False,False,False,False,False,False,False,True
1.0,300.0,16.0,11.0,15.0,3,2640.0,2370.0,0.11392405063291139,0,False,False,False,True,False,False,False,False
1.0,10550.0,65.0,45.0,7.0,3,20475.0,20475.0,0.0,0,False,False,False,False,False,False,True,False
1.0,400.0,24.0,14.0,16.0,3,5376.0,5376.0,0.0,0,False,False,False,False,True,False,False,False
1.0,650.0,25.0,14.0,13.0,3,4550.0,5795.0,0.21484037963761865,0,False,True,False,False,False,False,False,False
2.0,1270.0,17.0,17.0,14.0,1,4046.0,4046.0,0.0,0,False,False,False,False,False,True,False,False
1.0,150.0,18.0,13.0,8.0,2,1872.0,3913.0,0.521594684385382,1,True,False,False,False,False,False,False,False
2.0,200.0,39.0,30.0,2.0,3,2340.0,1690.0,0.38461538461538464,1,False,False,False,True,False,False,False,False
1.0,117.0,19.0,12.0,4.0,2,912.0,912.0,0.0,0,False,False,False,False,True,False,False,False
4.0,750.0,22.0,33.0,12.0,2,8712.0,8712.0,0.0,0,False,False,True,False,False,False,False,False
6.0,540.0,16.0,16.0,27.0,3,6912.0,6912.0,0.0,0,False,False,False,False,False,False,True,False
2.0,1500.0,22.0,33.0,12.0,1,8712.0,8712.0,0.0,0,False,False,False,False,False,True,False,False
1.0,1300.0,22.0,14.0,14.0,1,4312.0,4312.0,0.0,0,False,False,False,False,True,False,False,False
2.0,150.0,16.0,11.0,9.0,3,1584.0,1584.0,0.0,0,False,False,False,False,False,False,False,True
4.0,200.0,16.0,11.0,2.0,2,352.0,352.0,0.0,0,False,False,False,True,False,False,False,False
1.0,1650.0,25.0,20.0,30.0,3,15000.0,15000.0,0.0,0,False,False,False,False,False,False,False,True
1.0,900.0,18.0,16.0,25.0,2,7200.0,7200.0,0.0,0,False,False,True,False,False,False,False,False
2.0,2050.0,30.0,18.0,22.0,2,11880.0,18998.5,0.3746874753269995,1,False,False,False,False,True,False,False,False
1.0,350.0,16.0,16.0,10.0,1,2560.0,2560.0,0.0,0,False,False,False,False,False,True,False,False
4.0,300.0,23.0,11.0,3.0,1,759.0,759.0,0.0,0,False,False,True,False,False,False,False,False
1.0,800.0,16.0,11.0,2.0,2,352.0,6426.0,0.9452225334578276,1,False,False,False,False,False,False,True,False
3.0,75.0,21.0,13.0,7.0,3,1911.0,1911.0,0.0,0,False,False,False,False,True,False,False,False
2.0,1300.0,25.0,25.0,16.0,1,10000.0,10000.0,0.0,0,False,False,False,False,True,False,False,False
2.0,1300.0,36.0,24.0,16.0,2,13824.0,13824.0,0.0,0,False,False,True,False,False,False,False,False
1.0,100.0,18.0,11.0,6.0,1,1188.0,858.0,0.38461538461538464,1,True,False,False,False,False,False,False,False
1.0,1300.0,50.0,12.0,12.0,1,7200.0,7200.0,0.0,0,False,False,True,False,False,False,False,False
1.0,10700.0,40.0,40.0,40.0,1,64000.0,64000.0,0.0,0,False,False,False,False,False,False,False,True
3.0,2300.0,84.0,20.0,14.0,1,23520.0,23520.0,0.0,0,False,False,False,False,True,False,False,False
1.0,1350.0,33.0,26.0,12.0,1,10296.0,10296.0,0.0,0,False,False,False,True,False,False,False,False
5.0,4000.0,57.0,36.0,14.0,3,28728.0,28728.0,0.0,0,False,False,False,False,False,True,False,False
1.0,400.0,34.0,16.0,16.0,1,8704.0,5452.0,0.5964783565663977,1,False,False,False,False,False,True,False,False
5.0,250.0,20.0,20.0,20.0,2,8000.0,8000.0,0.0,0,False,False,False,False,False,False,False,True
1.0,188.0,20.0,15.0,16.0,2,4800.0,4800.0,0.0,0,False,True,False,False,False,False,False,False
12.0,300.0,29.0,16.0,7.0,1,3248.0,3248.0,0.0,0,True,False,False,False,False,False,False,False
2.0,500.0,30.0,35.0,8.0,3,8400.0,6270.0,0.3397129186602871,1,False,False,False,False,False,False,False,True
5.0,2900.0,40.0,30.0,55.0,1,66000.0,66000.0,0.0,0,False,False,False,True,False,False,False,False
1.0,5850.0,45.0,16.0,55.0,3,39600.0,39600.0,0.0,0,False,True,False,False,False,False,False,False
2.0,250.0,16.0,16.0,10.0,3,2560.0,2560.0,0.0,0,True,False,False,False,False,False,False,False
1.0,875.0,40.0,20.0,26.0,1,20800.0,20800.0,0.0,0,False,False,True,False,False,False,False,False
1.0,667.0,27.0,20.0,19.0,1,10260.0,10260.0,0.0,0,False,False,False,False,False,False,False,True
1.0,6267.0,36.0,36.0,40.0,1,51840.0,51840.0,0.0,0,False,False,False,False,False,False,True,False
1.0,2120.0,26.0,25.0,25.0,1,16250.0,16250.0,0.0,0,False,False,False,True,False,False,False,False
4.0,1300.0,44.0,30.0,8.0,2,10560.0,10560.0,0.0,0,False,False,True,False,False,False,False,False
1.0,888.0,18.0,18.0,17.0,3,5508.0,5508.0,0.0,0,False,False,False,False,False,True,False,False
4.0,450.0,45.0,35.0,15.0,3,23625.0,23625.0,0.0,0,False,True,False,False,False,False,False,False
2.0,1700.0,100.0,15.0,7.0,1,10500.0,10500.0,0.0,0,False,False,False,False,True,False,False,False
3.0,2550.0,22.0,38.0,32.0,2,26752.0,26752.0,0.0,0,False,False,False,False,True,False,False,False
3.0,1200.0,44.0,20.0,20.0,3,17600.0,17600.0,0.0,0,False,False,True,False,False,False,False,False
3.0,350.0,20.0,20.0,20.0,3,8000.0,8000.0,0.0,0,False,False,False,False,True,False,False,False
1.0,3850.0,29.0,24.0,12.0,2,8352.0,8352.0,0.0,0,False,False,True,False,False,False,False,False
1.0,600.0,50.0,12.0,10.0,3,6000.0,6000.0,0.0,0,False,True,False,False,False,False,False,False
6.0,1050.0,16.0,16.0,20.0,3,5120.0,5120.0,0.0,0,False,False,False,False,False,False,False,True
6.0,7900.0,70.0,70.0,15.0,2,73500.0,73500.0,0.0,0,False,True,False,False,False,False,False,False
1.0,550.0,16.0,12.0,25.0,1,4800.0,4800.0,0.0,0,True,False,False,False,False,False,False,False
1.0,200.0,23.0,13.0,9.0,1,2691.0,2691.0,0.0,0,False,False,False,False,True,False,False,False
6.0,350.0,17.0,12.0,4.0,2,816.0,816.0,0.0,0,True,False,False,False,False,False,False,False
4.0,200.0,16.0,11.0,2.0,1,352.0,352.0,0.0,0,False,False,False,True,False,False,False,False
1.0,1200.0,16.0,16.0,10.0,2,2560.0,6095.5,0.5800180460995816,1,False,False,False,False,False,True,False,False
2.0,6000.0,75.0,50.0,15.0,3,56250.0,56250.0,0.0,0,True,False,False,False,False,False,False,False
2.0,1750.0,45.0,40.0,20.0,3,36000.0,36000.0,0.0,0,False,False,False,False,False,False,True,False
1.0,5850.0,60.0,25.0,25.0,1,37500.0,37500.0,0.0,0,False,False,False,False,True,False,False,False
1.0,267.0,17.0,13.0,11.0,1,2431.0,2431.0,0.0,0,False,False,False,False,True,False,False,False
6.0,360.0,30.0,22.0,19.0,2,12540.0,12540.0,0.0,0,False,True,False,False,False,False,False,False
3.0,6950.0,85.0,50.0,11.0,2,46750.0,46750.0,0.0,0,False,False,False,False,False,False,False,True
2.0,17400.0,42.0,42.0,35.0,3,61740.0,61740.0,0.0,0,True,False,False,False,False,False,False,False
1.0,250.0,16.0,15.0,27.0,1,6480.0,6480.0,0.0,0,False,False,False,False,False,False,False,True
4.0,1850.0,28.0,19.0,14.0,3,7448.0,7448.0,0.0,0,False,False,False,False,False,True,False,False
2.0,200.0,23.0,15.0,7.0,1,2415.0,2373.0,0.017699115044247787,0,False,True,False,False,False,False,False,False
1.0,700.0,49.0,50.0,4.0,3,9800.0,9800.0,0.0,0,False,False,False,False,False,False,False,True
1.0,415.0,19.0,19.0,19.0,1,6859.0,6859.0,0.0,0,False,False,False,False,True,False,False,False
1.0,200.0,16.0,11.0,22.0,2,3872.0,3984.0,0.028112449799196786,0,False,True,False,False,False,False,False,False
3.0,400.0,35.0,15.0,6.0,2,3150.0,4135.0,0.23821039903264812,0,False,True,False,False,False,False,False,False
1.0,2000.0,49.0,39.0,16.0,1,30576.0,30576.0,0.0,0,False,False,False,False,False,False,True,False
1.0,7600.0,55.0,55.0,15.0,2,45375.0,45375.0,0.0,0,False,False,False,True,False,False,False,False
4.0,490.0,30.0,25.0,5.0,2,3750.0,3750.0,0.0,0,False,False,False,False,False,False,False,True
5.0,4200.0,78.0,47.0,4.0,2,14664.0,14664.0,0.0,0,True,False,False,False,False,False,False,False
4.0,4100.0,51.0,31.0,31.0,1,49011.0,49011.0,0.0,0,False,False,False,False,False,False,False,True
1.0,75.0,17.0,17.0,12.0,1,3468.0,3468.0,0.0,0,False,False,True,False,False,False,False,False
1.0,200.0,38.0,11.0,5.0,2,2090.0,2090.0,0.0,0,False,False,True,False,False,False,False,False
4.0,7150.0,50.0,45.0,19.0,3,42750.0,42750.0,0.0,0,False,False,False,False,False,False,False,True
2.0,300.0,42.0,30.0,2.0,3,2520.0,3060.0,0.17647058823529413,0,False,False,False,False,True,False,False,False
2.0,740.0,23.0,13.0,13.0,1,3887.0,3887.0,0.0,0,False,False,False,True,False,False,False,False
2.0,3600.0,62.0,23.0,23.0,3,32798.0,32798.0,0.0,0,False,False,False,False,False,False,True,False
1.0,650.0,16.0,16.0,10.0,1,2560.0,4250.0,0.3976470588235294,1,False,False,False,False,False,False,False,True
1.0,600.0,25.0,25.0,25.0,1,15625.0,7646.0,1.0435521841485744,1,False,False,False,False,False,False,True,False
2.0,450.0,20.0,30.0,40.0,3,24000.0,24000.0,0.0,0,False,False,False,False,False,False,True,False
1.0,1100.0,30.0,23.0,20.0,1,13800.0,13800.0,0.0,0,False,True,False,False,False,False,False,False
1.0,500.0,24.0,16.0,7.0,1,2688.0,2688.0,0.0,0,False,True,False,False,False,False,False,False
2.0,300.0,25.0,18.0,8.0,2,3600.0,3060.0,0.17647058823529413,0,False,False,False,False,True,False,False,False
3.0,367.0,16.0,11.0,4.0,1,704.0,704.0,0.0,0,False,False,False,False,False,False,True,False
9.0,200.0,19.0,11.0,5.0,2,1045.0,1045.0,0.0,0,False,False,False,False,False,False,False,True
2.0,500.0,16.0,11.0,11.0,2,1936.0,4147.0,0.53315649867374,1,False,False,False,True,False,False,False,False
1.0,800.0,20.0,25.0,25.0,2,12500.0,6426.0,0.9452225334578276,1,False,False,False,False,False,False,True,False
1.0,783.0,21.0,28.0,13.0,1,7644.0,7644.0,0.0,0,True,False,False,False,False,False,False,False
4.0,8150.0,20.0,20.0,20.0,2,8000.0,8000.0,0.0,0,False,False,False,True,False,False,False,False
1.0,2200.0,16.0,11.0,2.0,2,352.0,352.0,0.0,0,False,False,False,False,True,False,False,False
4.0,600.0,29.0,23.0,12.0,2,8004.0,8004.0,0.0,0,False,False,False,True,False,False,False,False
3.0,1300.0,30.0,18.0,10.0,1,5400.0,5400.0,0.0,0,True,False,False,False,False,False,False,False
2.0,267.0,17.0,12.0,11.0,1,2244.0,2244.0,0.0,0,False,False,False,False,False,False,False,True
1.0,1725.0,100.0,16.0,35.0,2,56000.0,56000.0,0.0,0,False,False,False,False,True,False,False,False
1.0,1200.0,30.0,30.0,20.0,3,18000.0,18000.0,0.0,0,False,False,False,False,True,False,False,False
1.0,550.0,16.0,16.0,10.0,3,2560.0,9318.0,0.725262931959648,1,False,False,False,True,False,False,False,False
1.0,250.0,21.0,13.0,4.0,3,1092.0,1092.0,0.0,0,False,False,True,False,False,False,False,False
2.0,700.0,20.0,20.0,20.0,3,8000.0,8000.0,0.0,0,False,False,False,True,False,False,False,False
3.0,550.0,16.0,18.0,21.0,2,6048.0,6048.0,0.0,0,False,True,False,False,False,False,False,False
1.0,200.0,19.0,11.0,4.0,1,836.0,836.0,0.0,0,False,False,False,False,False,False,False,True
1.0,360.0,36.0,26.0,6.0,1,5616.0,5616.0,0.0,0,True,False,False,False,False,False,False,False
2.0,1100.0,16.0,16.0,10.0,3,2560.0,6792.5,0.6231137283768863,1,False,True,False,False,False,False,False,False
2.0,500.0,19.0,20.0,13.0,1,4940.0,5286.0,0.06545592130155127,0,False,False,False,False,False,True,False,False
1.0,2653.0,53.0,36.0,15.0,2,28620.0,28620.0,0.0,0,False,True,False,False,False,False,False,False
2.0,3000.0,69.0,11.0,11.0,1,8349.0,8349.0,0.0,0,False,False,False,False,False,True,False,False
1.0,1750.0,30.0,30.0,20.0,3,18000.0,18000.0,0.0,0,False,True,False,False,False,False,False,False
2.0,350.0,19.0,13.0,13.0,1,3211.0,2573.5,0.24771711676704877,0,True,False,False,False,False,False,False,False
1.0,400.0,16.0,12.0,9.0,3,1728.0,1984.0,0.12903225806451613,0,False,True,False,False,False,False,False,False
1.0,154.0,18.0,15.0,9.0,2,2430.0,2320.0,0.04741379310344827,0,False,False,False,True,False,False,False,False
2.0,2050.0,49.0,41.0,13.0,2,26117.0,18998.5,0.3746874753269995,1,False,False,False,False,True,False,False,False
1.0,1050.0,25.0,14.0,20.0,2,7000.0,7000.0,0.0,0,False,False,False,False,False,False,False,True
1.0,100.0,16.0,16.0,5.0,3,1280.0,1280.0,0.0,0,False,False,False,False,False,False,False,True
6.0,921.0,17.0,16.0,9.0,3,2448.0,2448.0,0.0,0,False,False,False,False,False,True,False,False
2.0,250.0,16.0,11.0,11.0,3,1936.0,3368.0,0.4251781472684085,1,False,True,False,False,False,False,False,False
1.0,3600.0,20.0,20.0,20.0,3,8000.0,8000.0,0.0,0,False,False,True,False,False,False,False,False
1.0,2150.0,42.0,15.0,25.0,3,15750.0,15750.0,0.0,0,True,False,False,False,False,False,False,False
4.0,2700.0,20.0,32.0,26.0,3,16640.0,16640.0,0.0,0,True,False,False,False,False,False,False,False
1.0,250.0,26.0,14.0,14.0,3,5096.0,3597.0,0.41673616902974703,1,False,False,False,False,False,True,False,False
2.0,1950.0,60.0,15.0,15.0,2,13500.0,13500.0,0.0,0,True,False,False,False,False,False,False,False
2.0,500.0,16.0,11.0,15.0,1,2640.0,2640.0,0.0,0,False,False,True,False,False,False,False,False
2.0,1800.0,41.0,34.0,9.0,3,12546.0,12546.0,0.0,0,False,False,False,False,False,False,False,True
1.0,3775.0,18.0,16.0,13.0,2,3744.0,3744.0,0.0,0,False,True,False,False,False,False,False,False
1.0,125.0,17.0,14.0,10.0,1,2380.0,2380.0,0.0,0,True,False,False,False,False,False,False,False
1.0,213.0,16.0,13.0,10.0,2,2080.0,2080.0,0.0,0,False,False,False,False,False,False,True,False
1.0,4850.0,75.0,50.0,5.0,1,18750.0,18750.0,0.0,0,False,False,False,False,False,False,True,False
1.0,200.0,16.0,11.0,3.0,1,528.0,528.0,0.0,0,False,False,False,True,False,False,False,False
1.0,300.0,35.0,25.0,10.0,2,8750.0,9980.0,0.12324649298597194,0,False,False,False,False,False,True,False,False
1.0,1050.0,30.0,11.0,45.0,3,14850.0,14850.0,0.0,0,False,False,False,False,True,False,False,False
1.0,650.0,13.0,12.0,11.0,1,1716.0,1716.0,0.0,0,False,False,False,False,True,False,False,False
1.0,1800.0,45.0,34.0,10.0,2,15300.0,15300.0,0.0,0,False,False,False,False,False,False,True,False
5.0,900.0,26.0,13.0,6.0,1,2028.0,2028.0,0.0,0,False,False,False,False,True,False,False,False
2.0,553.0,18.0,15.0,9.0,2,2430.0,2430.0,0.0,0,False,True,False,False,False,False,False,False
1.0,270.0,16.0,15.0,16.0,2,3840.0,3840.0,0.0,0,False,True,False,False,False,False,False,False
1.0,900.0,25.0,25.0,10.0,1,6250.0,6250.0,0.0,0,False,False,False,False,False,False,False,True
1.0,1000.0,20.0,13.0,14.0,1,3640.0,3640.0,0.0,0,False,False,False,False,True,False,False,False
2.0,200.0,16.0,12.0,16.0,1,3072.0,3072.0,0.0,0,False,False,False,False,False,False,True,False
4.0,1600.0,55.0,30.0,37.0,3,61050.0,61050.0,0.0,0,False,False,False,False,True,False,False,False
1.0,400.0,27.0,17.0,13.0,1,5967.0,5967.0,0.0,0,False,False,False,True,False,False,False,False
2.0,600.0,68.0,13.0,11.0,3,9724.0,8794.5,0.10569105691056911,0,False,True,False,False,False,False,False,False
9.0,7950.0,33.0,44.0,30.0,2,43560.0,43560.0,0.0,0,False,False,False,False,True,False,False,False
2.0,6000.0,87.0,42.0,3.0,2,10962.0,10962.0,0.0,0,True,False,False,False,False,False,False,False
4.0,6350.0,45.0,35.0,15.0,2,23625.0,23625.0,0.0,0,False,False,False,False,False,True,False,False
3.0,15350.0,47.0,47.0,40.0,1,88360.0,88360.0,0.0,0,False,False,True,False,False,False,False,False
3.0,100.0,16.0,11.0,5.0,1,880.0,880.0,0.0,0,False,False,False,False,True,False,False,False
2.0,950.0,60.0,15.0,15.0,2,13500.0,13500.0,0.0,0,True,False,False,False,False,False,False,False
2.0,1400.0,38.0,27.0,9.0,1,9234.0,19509.5,0.5266921243496758,1,False,False,False,False,False,False,False,True
6.0,150.0,20.0,33.0,24.0,1,15840.0,10104.0,0.5676959619952494,1,False,False,False,False,True,False,False,False
1.0,2000.0,32.0,16.0,51.0,1,26112.0,26112.0,0.0,0,False,True,False,False,False,False,False,False
2.0,1400.0,25.0,20.0,20.0,1,10000.0,10000.0,0.0,0,False,False,False,False,False,True,False,False
3.0,1800.0,18.0,27.0,32.0,2,15552.0,15552.0,0.0,0,False,False,False,False,False,False,False,True
1.0,27100.0,50.0,50.0,50.0,1,125000.0,125000.0,0.0,0,False,False,False,False,False,True,False,False
2.0,200.0,24.0,14.0,7.0,1,2352.0,2373.0,0.008849557522123894,0,False,True,False,False,False,False,False,False
2.0,600.0,20.0,20.0,20.0,1,8000.0,8000.0,0.0,0,False,False,False,True,False,False,False,False
1.0,250.0,20.0,15.0,2.0,1,600.0,1789.3333333333333,0.6646795827123696,1,False,False,False,False,False,True,False,False
1.0,150.0,25.0,19.0,2.0,3,950.0,950.0,0.0,0,False,True,False,False,False,False,False,False
1.0,300.0,40.0,27.0,10.0,1,10800.0,9980.0,0.08216432865731463,0,False,False,False,False,False,True,False,False
4.0,3150.0,30.0,30.0,17.0,2,15300.0,15300.0,0.0,0,False,False,True,False,False,False,False,False
1.0,425.0,31.0,12.0,6.0,2,2232.0,2232.0,0.0,0,False,False,False,False,False,False,False,True
1.0,1000.0,26.0,20.0,40.0,1,20800.0,20800.0,0.0,0,False,False,False,False,False,False,True,False
2.0,550.0,16.0,11.0,4.0,2,704.0,704.0,0.0,0,False,False,False,False,True,False,False,False
2.0,500.0,20.0,14.0,8.0,1,2240.0,2656.0,0.1566265060240964,0,False,False,False,False,True,False,False,False
1.0,600.0,16.0,11.0,6.0,3,1056.0,1056.0,0.0,0,False,False,False,False,False,True,False,False
5.0,1475.0,68.0,35.0,9.0,2,21420.0,21420.0,0.0,0,False,True,False,False,False,False,False,False
2.0,617.0,17.0,17.0,14.0,3,4046.0,4046.0,0.0,0,True,False,False,False,False,False,False,False
2.0,266.0,20.0,18.0,8.0,1,2880.0,2880.0,0.0,0,True,False,False,False,False,False,False,False
1.0,300.0,68.0,13.0,7.0,1,6188.0,3798.0,0.6292785676671933,1,False,False,False,False,True,False,False,False
1.0,300.0,16.0,16.0,16.0,2,4096.0,2400.0,0.7066666666666667,1,False,False,False,False,False,False,False,True
1.0,550.0,16.0,16.0,10.0,1,2560.0,9318.0,0.725262931959648,1,False,False,False,True,False,False,False,False
1.0,1250.0,22.0,20.0,17.0,2,7480.0,7480.0,0.0,0,False,False,False,False,True,False,False,False
3.0,750.0,30.0,30.0,30.0,1,27000.0,27000.0,0.0,0,False,False,False,False,False,True,False,False
6.0,10400.0,100.0,27.0,23.0,2,62100.0,62100.0,0.0,0,False,False,False,False,False,True,False,False
4.0,1475.0,32.0,28.0,28.0,2,25088.0,25088.0,0.0,0,False,True,False,False,False,False,False,False
4.0,18350.0,70.0,44.0,24.0,2,73920.0,73920.0,0.0,0,False,True,False,False,False,False,False,False
9.0,2150.0,70.0,34.0,8.0,1,19040.0,19040.0,0.0,0,False,False,False,False,False,True,False,False
2.0,725.0,22.0,15.0,17.0,2,5610.0,5610.0,0.0,0,False,False,True,False,False,False,False,False
1.0,1750.0,30.0,30.0,18.0,2,16200.0,16200.0,0.0,0,False,True,False,False,False,False,False,False
2.0,267.0,17.0,17.0,13.0,3,3757.0,3757.0,0.0,0,True,False,False,False,False,False,False,False
1.0,6450.0,100.0,11.0,10.0,2,11000.0,11000.0,0.0,0,False,False,False,False,False,True,False,False
3.0,2300.0,105.0,70.0,3.0,3,22050.0,22050.0,0.0,0,False,False,False,False,True,False,False,False
1.0,8500.0,75.0,55.0,25.0,2,103125.0,103125.0,0.0,0,True,False,False,False,False,False,False,False
1.0,1000.0,30.0,18.0,18.0,1,9720.0,9720.0,0.0,0,False,True,False,False,False,False,False,False
2.0,1550.0,43.0,33.0,8.0,2,11352.0,11352.0,0.0,0,False,False,False,False,True,False,False,False
1.0,250.0,16.0,20.0,2.0,3,640.0,1850.6666666666667,0.654178674351585,1,False,False,False,False,False,False,True,False
4.0,5200.0,20.0,35.0,60.0,3,42000.0,42000.0,0.0,0,False,True,False,False,False,False,False,False
1.0,698.0,46.0,14.0,10.0,3,6440.0,6440.0,0.0,0,False,False,False,False,False,True,False,False
3.0,1000.0,24.0,17.0,5.0,2,2040.0,2040.0,0.0,0,True,False,False,False,False,False,False,False
1.0,1300.0,20.0,20.0,20.0,2,8000.0,8000.0,0.0,0,False,True,False,False,False,False,False,False
7.0,13575.0,71.0,44.0,81.0,1,253044.0,253044.0,0.0,0,True,False,False,False,False,False,False,False
1.0,667.0,17.0,16.0,16.0,3,4352.0,4352.0,0.0,0,False,True,False,False,False,False,False,False
2.0,1500.0,39.0,25.0,12.0,3,11700.0,11700.0,0.0,0,False,False,False,False,False,False,False,True
1.0,706.0,32.0,38.0,8.0,3,9728.0,9728.0,0.0,0,False,False,True,False,False,False,False,False
1.0,1100.0,55.0,40.0,5.0,2,11000.0,11275.0,0.024390243902439025,0,False,False,True,False,False,False,False,False
1.0,16500.0,58.0,58.0,28.0,3,94192.0,94192.0,0.0,0,True,False,False,False,False,False,False,False
1.0,175.0,18.0,16.0,22.0,1,6336.0,6336.0,0.0,0,False,False,True,False,False,False,False,False
1.0,150.0,16.0,11.0,16.0,3,2816.0,3409.0,0.17395130536814316,0,True,False,False,False,False,False,False,False
1.0,700.0,16.0,16.0,16.0,1,4096.0,4914.0,0.16646316646316647,0,False,False,False,False,False,False,True,False
3.0,450.0,17.0,17.0,7.0,3,2023.0,2023.0,0.0,0,False,False,False,True,False,False,False,False
1.0,2000.0,30.0,16.0,12.0,3,5760.0,5760.0,0.0,0,False,False,False,False,False,False,False,True
4.0,21400.0,20.0,20.0,20.0,2,8000.0,8000.0,0.0,0,False,False,False,False,True,False,False,False
3.0,800.0,25.0,25.0,25.0,2,15625.0,15625.0,0.0,0,False,False,False,False,True,False,False,False
3.0,850.0,42.0,15.0,25.0,1,15750.0,15750.0,0.0,0,False,False,False,True,False,False,False,False
1.0,1100.0,29.0,21.0,3.0,2,1827.0,1827.0,0.0,0,False,False,False,True,False,False,False,False
1.0,1800.0,28.0,18.0,12.0,2,6048.0,6048.0,0.0,0,False,False,False,False,False,True,False,False
1.0,263.0,18.0,16.0,15.0,2,4320.0,4320.0,0.0,0,True,False,False,False,False,False,False,False
1.0,150.0,16.0,12.0,7.0,3,1344.0,1344.0,0.0,0,False,True,False,False,False,False,False,False
6.0,2250.0,22.0,20.0,15.0,3,6600.0,6600.0,0.0,0,False,False,False,False,False,False,False,True
6.0,700.0,49.0,27.0,12.0,2,15876.0,15876.0,0.0,0,True,False,False,False,False,False,False,False
1.0,1025.0,25.0,25.0,23.0,3,14375.0,14375.0,0.0,0,False,False,False,True,False,False,False,False
4.0,625.0,20.0,13.0,17.0,1,4420.0,4420.0,0.0,0,False,False,False,False,False,False,True,False
4.0,200.0,17.0,17.0,7.0,1,2023.0,2023.0,0.0,0,False,False,False,True,False,False,False,False
1.0,422.0,21.0,18.0,16.0,1,6048.0,6048.0,0.0,0,False,False,True,False,False,False,False,False
1.0,900.0,37.0,23.0,3.0,1,2553.0,4276.5,0.40301648544370394,1,False,False,False,False,False,False,False,True
3.0,500.0,16.0,17.0,12.0,2,3264.0,4656.0,0.29896907216494845,0,False,False,False,False,False,False,True,False
3.0,150.0,16.0,11.0,11.0,2,1936.0,1928.0,0.004149377593360996,0,False,False,False,False,False,False,False,True
1.0,250.0,36.0,20.0,4.0,2,2880.0,2880.0,0.0,0,False,True,False,False,False,False,False,False
1.0,150.0,16.0,11.0,12.0,3,2112.0,2023.0,0.0439940682155215,0,False,False,False,False,False,False,True,False
1.0,825.0,20.0,15.0,24.0,2,7200.0,7200.0,0.0,0,False,False,False,False,True,False,False,False
1.0,600.0,46.0,15.0,3.0,1,2070.0,2070.0,0.0,0,False,False,False,False,False,True,False,False
2.0,625.0,21.0,17.0,16.0,1,5712.0,5712.0,0.0,0,False,True,False,False,False,False,False,False
1.0,150.0,20.0,13.0,8.0,2,2080.0,2080.0,0.0,0,False,True,False,False,False,False,False,False
1.0,150.0,22.0,15.0,3.0,1,990.0,2023.0,0.5106277805239743,1,False,False,False,False,False,False,True,False
1.0,12600.0,20.0,20.0,10.0,2,4000.0,4000.0,0.0,0,False,False,False,False,True,False,False,False
1.0,150.0,22.0,15.0,3.0,3,990.0,2023.0,0.5106277805239743,1,False,False,False,False,False,False,True,False
1.0,200.0,20.0,20.0,20.0,2,8000.0,5029.0,0.5907735136209982,1,False,False,False,True,False,False,False,False
2.0,2200.0,20.0,20.0,20.0,3,8000.0,8000.0,0.0,0,False,False,False,False,False,False,True,False
1.0,150.0,19.0,11.0,11.0,3,2299.0,1613.5,0.4248528044623489,1,False,False,False,True,False,False,False,False
3.0,3350.0,30.0,30.0,30.0,1,27000.0,27000.0,0.0,0,False,False,False,False,False,False,False,True
4.0,200.0,17.0,16.0,13.0,3,3536.0,3536.0,0.0,0,False,False,False,False,False,False,False,True
2.0,250.0,25.0,25.0,25.0,1,15625.0,6134.25,1.547173656111179,1,False,False,False,False,True,False,False,False
1.0,14900.0,58.0,58.0,28.0,2,94192.0,94192.0,0.0,0,False,False,False,False,True,False,False,False
1.0,1100.0,16.0,16.0,10.0,2,2560.0,5706.666666666667,0.5514018691588786,1,False,False,False,False,True,False,False,False
1.0,514.0,18.0,15.0,12.0,3,3240.0,3240.0,0.0,0,False,False,False,False,False,False,False,True
2.0,7400.0,45.0,53.0,29.0,2,69165.0,69165.0,0.0,0,False,False,False,False,False,False,False,True
1.0,350.0,16.0,11.0,11.0,1,1936.0,1936.0,0.0,0,False,False,False,True,False,False,False,False
2.0,125.0,19.0,11.0,3.0,1,627.0,627.0,0.0,0,False,False,False,False,False,True,False,False
1.0,2800.0,16.0,11.0,2.0,1,352.0,11148.5,0.9684262456832757,1,True,False,False,False,False,False,False,False
1.0,250.0,20.0,11.0,6.0,2,1320.0,3597.0,0.6330275229357798,1,False,False,False,False,False,True,False,False
1.0,250.0,35.0,25.0,5.0,2,4375.0,3597.0,0.2162913539060328,0,False,False,False,False,False,True,False,False
1.0,900.0,26.0,21.0,13.0,2,7098.0,7906.0,0.10220086010624842,0,False,False,False,False,False,False,False,True
3.0,400.0,16.0,16.0,4.0,1,1024.0,1024.0,0.0,0,False,False,False,False,True,False,False,False
1.0,9500.0,56.0,28.0,30.0,2,47040.0,47040.0,0.0,0,True,False,False,False,False,False,False,False
2.0,100.0,19.0,11.0,3.0,3,627.0,627.0,0.0,0,False,True,False,False,False,False,False,False
1.0,250.0,17.0,11.0,3.0,3,561.0,561.0,0.0,0,False,False,False,True,False,False,False,False
1.0,200.0,35.0,26.0,4.0,2,3640.0,3115.3333333333335,0.16841429488551246,0,False,False,False,False,False,False,True,False
2.0,335.0,17.0,12.0,11.0,1,2244.0,2244.0,0.0,0,False,False,False,False,False,False,True,False
3.0,400.0,45.0,43.0,22.0,2,42570.0,42570.0,0.0,0,True,False,False,False,False,False,False,False
2.0,5050.0,50.0,50.0,8.0,3,20000.0,20000.0,0.0,0,False,False,False,False,False,False,False,True
1.0,1500.0,65.0,38.0,8.0,1,19760.0,19760.0,0.0,0,False,False,False,False,True,False,False,False
1.0,15700.0,58.0,58.0,28.0,3,94192.0,94192.0,0.0,0,False,False,False,True,False,False,False,False
1.0,850.0,18.0,15.0,21.0,3,5670.0,5415.0,0.04709141274238227,0,False,False,False,False,True,False,False,False
1.0,258.0,19.0,19.0,12.0,3,4332.0,4332.0,0.0,0,False,False,True,False,False,False,False,False
2.0,3305.0,38.0,19.0,36.0,2,25992.0,25992.0,0.0,0,False,False,False,True,False,False,False,False
2.0,400.0,18.0,11.0,11.0,3,2178.0,3226.0,0.3248605083694978,1,False,False,False,False,False,True,False,False
1.0,300.0,25.0,25.0,10.0,2,6250.0,2318.0,1.6962899050905953,1,False,False,False,True,False,False,False,False
2.0,700.0,23.0,11.0,9.0,1,2277.0,2277.0,0.0,0,False,False,False,False,False,False,False,True
5.0,300.0,17.0,24.0,7.0,2,2856.0,2856.0,0.0,0,False,False,False,False,True,False,False,False
2.0,586.0,18.0,13.0,11.0,1,2574.0,2574.0,0.0,0,False,False,False,True,False,False,False,False
2.0,13600.0,26.0,40.0,60.0,3,62400.0,62400.0,0.0,0,True,False,False,False,False,False,False,False
2.0,300.0,16.0,11.0,2.0,2,352.0,352.0,0.0,0,False,False,False,False,False,False,False,True
1.0,250.0,32.0,23.0,3.0,3,2208.0,1789.3333333333333,0.23397913561847994,0,False,False,False,False,False,True,False,False
1.0,1450.0,25.0,16.0,25.0,2,10000.0,10000.0,0.0,0,False,False,False,False,False,False,False,True
3.0,800.0,42.0,15.0,25.0,3,15750.0,15750.0,0.0,0,False,False,False,False,False,True,False,False
3.0,200.0,16.0,11.0,2.0,3,352.0,352.0,0.0,0,True,False,False,False,False,False,False,False
1.0,300.0,16.0,16.0,18.0,2,4608.0,3287.0,0.4018862184362641,1,False,False,True,False,False,False,False,False
2.0,8300.0,45.0,45.0,25.0,3,50625.0,50625.0,0.0,0,False,False,False,False,False,True,False,False
5.0,4750.0,18.0,30.0,22.0,1,11880.0,11880.0,0.0,0,False,False,False,True,False,False,False,False
1.0,50.0,16.0,11.0,2.0,3,352.0,352.0,0.0,0,False,False,False,False,False,True,False,False
3.0,650.0,35.0,15.0,10.0,2,5250.0,5250.0,0.0,0,False,False,True,False,False,False,False,False
1.0,200.0,20.0,14.0,9.0,3,2520.0,2520.0,0.0,0,False,False,False,False,False,False,True,False
4.0,482.0,18.0,16.0,11.0,3,3168.0,3168.0,0.0,0,False,False,False,False,False,False,False,True
2.0,900.0,17.0,15.0,10.0,3,2550.0,2550.0,0.0,0,False,False,False,False,True,False,False,False
7.0,1150.0,28.0,25.0,10.0,1,7000.0,7000.0,0.0,0,False,False,True,False,False,False,False,False
1.0,2050.0,29.0,21.0,5.0,3,3045.0,3045.0,0.0,0,False,False,True,False,False,False,False,False
1.0,1550.0,46.0,35.0,10.0,1,16100.0,22770.0,0.29292929292929293,0,False,False,False,False,False,False,True,False
3.0,700.0,20.0,20.0,20.0,3,8000.0,8000.0,0.0,0,False,False,False,False,False,False,True,False
2.0,7750.0,33.0,33.0,25.0,2,27225.0,27225.0,0.0,0,False,False,False,False,False,True,False,False
1.0,3900.0,19.0,15.0,20.0,1,5700.0,5700.0,0.0,0,False,False,True,False,False,False,False,False
1.0,1300.0,19.0,17.0,28.0,1,9044.0,9044.0,0.0,0,False,False,False,True,False,False,False,False
5.0,4800.0,60.0,15.0,30.0,1,27000.0,27000.0,0.0,0,False,False,False,False,False,True,False,False
2.0,2000.0,32.0,37.0,12.0,2,14208.0,14208.0,0.0,0,False,False,False,False,False,False,False,True
1.0,10000.0,60.0,25.0,25.0,3,37500.0,37500.0,0.0,0,False,False,False,False,False,False,True,False
1.0,317.0,19.0,16.0,13.0,3,3952.0,3952.0,0.0,0,True,False,False,False,False,False,False,False
1.0,16400.0,63.0,56.0,66.0,1,232848.0,232848.0,0.0,0,False,False,False,False,False,False,False,True
1.0,938.0,29.0,23.0,22.0,2,14674.0,14674.0,0.0,0,False,True,False,False,False,False,False,False
1.0,300.0,16.0,11.0,2.0,3,352.0,2318.0,0.8481449525452976,1,False,False,False,True,False,False,False,False
4.0,1100.0,39.0,28.0,12.0,2,13104.0,13104.0,0.0,0,False,False,False,False,False,True,False,False
2.0,250.0,20.0,20.0,12.0,1,4800.0,3368.0,0.4251781472684085,1,False,True,False,False,False,False,False,False
1.0,350.0,21.0,16.0,9.0,3,3024.0,13324.5,0.7730496453900709,1,False,False,False,True,False,False,False,False
1.0,1000.0,20.0,20.0,20.0,1,8000.0,6800.0,0.17647058823529413,0,True,False,False,False,False,False,False,False
1.0,1700.0,32.0,22.0,21.0,3,14784.0,14784.0,0.0,0,False,False,False,True,False,False,False,False
2.0,350.0,16.0,11.0,11.0,1,1936.0,2573.5,0.24771711676704877,0,True,False,False,False,False,False,False,False
3.0,18200.0,56.0,15.0,15.0,1,12600.0,12600.0,0.0,0,True,False,False,False,False,False,False,False
2.0,1250.0,29.0,22.0,19.0,3,12122.0,12122.0,0.0,0,False,False,False,False,False,False,False,True
1.0,700.0,45.0,31.0,10.0,2,13950.0,18490.0,0.24553812871822606,0,False,False,False,True,False,False,False,False
1.0,1836.0,61.0,24.0,6.0,3,8784.0,8784.0,0.0,0,False,False,False,False,False,False,False,True
1.0,675.0,22.0,21.0,24.0,2,11088.0,11088.0,0.0,0,False,True,False,False,False,False,False,False
1.0,850.0,40.0,50.0,6.0,1,12000.0,12000.0,0.0,0,False,False,False,False,False,False,False,True
1.0,950.0,46.0,33.0,10.0,2,15180.0,15180.0,0.0,0,False,False,False,False,True,False,False,False
2.0,30000.0,50.0,30.0,50.0,1,75000.0,75000.0,0.0,0,True,False,False,False,False,False,False,False
1.0,1000.0,26.0,33.0,8.0,3,6864.0,6864.0,0.0,0,False,False,True,False,False,False,False,False
1.0,1600.0,100.0,11.0,7.0,3,7700.0,7700.0,0.0,0,False,False,False,False,False,False,True,False
4.0,600.0,19.0,14.0,7.0,3,1862.0,1862.0,0.0,0,False,False,False,False,False,True,False,False
5.0,1000.0,30.0,30.0,13.0,1,11700.0,11700.0,0.0,0,False,False,False,True,False,False,False,False
1.0,150.0,20.0,15.0,13.0,1,3900.0,3913.0,0.0033222591362126247,0,True,False,False,False,False,False,False,False
1.0,225.0,16.0,14.0,10.0,2,2240.0,2240.0,0.0,0,False,False,True,False,False,False,False,False
1.0,1100.0,16.0,16.0,10.0,3,2560.0,5706.666666666667,0.5514018691588786,1,False,False,False,False,True,False,False,False
3.0,250.0,17.0,17.0,7.0,3,2023.0,2023.0,0.0,0,False,False,False,False,False,False,True,False
1.0,800.0,40.0,34.0,10.0,2,13600.0,13600.0,0.0,0,True,False,False,False,False,False,False,False
1.0,12000.0,27.0,53.0,50.0,3,71550.0,71550.0,0.0,0,False,False,False,False,True,False,False,False
3.0,150.0,35.0,25.0,2.0,3,1750.0,1750.0,0.0,0,False,False,True,False,False,False,False,False
1.0,1200.0,23.0,16.0,22.0,3,8096.0,9637.0,0.15990453460620524,0,False,False,False,True,False,False,False,False
1.0,1350.0,23.0,30.0,7.0,1,4830.0,4830.0,0.0,0,True,False,False,False,False,False,False,False
1.0,450.0,16.0,16.0,5.0,2,1280.0,1280.0,0.0,0,False,False,False,False,False,True,False,False
1.0,7700.0,39.0,25.0,28.0,2,27300.0,27300.0,0.0,0,False,True,False,False,False,False,False,False
5.0,200.0,16.0,11.0,9.0,1,1584.0,1584.0,0.0,0,False,False,False,False,False,False,True,False
1.0,3050.0,40.0,40.0,10.0,1,16000.0,16000.0,0.0,0,True,False,False,False,False,False,False,False
3.0,530.0,17.0,20.0,20.0,1,6800.0,6800.0,0.0,0,False,False,False,False,False,False,True,False
5.0,10664.0,61.0,35.0,63.0,3,134505.0,134505.0,0.0,0,False,False,False,False,False,False,True,False
4.0,300.0,35.0,25.0,5.0,2,4375.0,4375.0,0.0,0,False,False,False,True,False,False,False,False
2.0,950.0,40.0,40.0,6.0,3,9600.0,9000.0,0.06666666666666667,0,False,False,False,True,False,False,False,False
3.0,300.0,30.0,20.0,10.0,2,6000.0,6000.0,0.0,0,False,False,False,True,False,False,False,False
4.0,1950.0,17.0,12.0,11.0,2,2244.0,2244.0,0.0,0,False,False,False,False,True,False,False,False
3.0,14850.0,35.0,35.0,102.0,2,124950.0,124950.0,0.0,0,False,False,False,False,True,False,False,False
1.0,900.0,16.0,16.0,16.0,3,4096.0,5774.0,0.29061309317630757,0,False,False,False,False,False,False,True,False
3.0,11450.0,23.0,35.0,43.0,1,34615.0,34615.0,0.0,0,False,True,False,False,False,False,False,False
3.0,1400.0,20.0,30.0,20.0,1,12000.0,12000.0,0.0,0,False,False,False,False,False,False,False,True
1.0,3300.0,35.0,20.0,20.0,1,14000.0,14000.0,0.0,0,False,False,True,False,False,False,False,False
1.0,1200.0,27.0,23.0,18.0,1,11178.0,9637.0,0.15990453460620524,0,False,False,False,True,False,False,False,False
1.0,2150.0,28.0,11.0,32.0,1,9856.0,9856.0,0.0,0,False,True,False,False,False,False,False,False
4.0,200.0,16.0,14.0,4.0,3,896.0,4448.0,0.7985611510791367,1,False,False,False,False,True,False,False,False
1.0,500.0,16.0,16.0,10.0,2,2560.0,2560.0,0.0,0,True,False,False,False,False,False,False,False
2.0,100.0,19.0,11.0,3.0,1,627.0,627.0,0.0,0,False,True,False,False,False,False,False,False
10.0,3600.0,36.0,15.0,8.0,2,4320.0,4320.0,0.0,0,False,False,True,False,False,False,False,False
1.0,1000.0,16.0,13.0,12.0,1,2496.0,2496.0,0.0,0,False,True,False,False,False,False,False,False
1.0,300.0,34.0,27.0,5.0,1,4590.0,4590.0,0.0,0,False,False,False,False,False,False,True,False
1.0,1000.0,30.0,20.0,18.0,1,10800.0,10800.0,0.0,0,False,False,False,False,False,True,False,False
1.0,900.0,40.0,20.0,15.0,2,12000.0,7906.0,0.5178345560333923,1,False,False,False,False,False,False,False,True
2.0,300.0,23.0,15.0,7.0,1,2415.0,2415.0,0.0,0,False,False,False,False,False,False,True,False
1.0,4800.0,25.0,25.0,8.0,2,5000.0,5000.0,0.0,0,False,False,True,False,False,False,False,False
2.0,750.0,34.0,24.0,14.0,2,11424.0,11424.0,0.0,0,True,False,False,False,False,False,False,False
1.0,10893.0,33.0,44.0,88.0,3,127776.0,127776.0,0.0,0,False,True,False,False,False,False,False,False
2.0,1220.0,20.0,22.0,33.0,2,14520.0,14520.0,0.0,0,False,False,False,False,True,False,False,False
1.0,300.0,16.0,19.0,23.0,2,6992.0,6992.0,0.0,0,False,False,False,False,False,False,False,True
2.0,400.0,16.0,15.0,20.0,2,4800.0,3226.0,0.4879107253564786,1,False,False,False,False,False,True,False,False
4.0,400.0,16.0,11.0,7.0,3,1232.0,1232.0,0.0,0,False,False,False,False,False,False,False,True
3.0,350.0,68.0,13.0,8.0,1,7072.0,7072.0,0.0,0,False,False,False,False,False,False,False,True
1.0,1900.0,44.0,19.0,19.0,1,15884.0,15884.0,0.0,0,True,False,False,False,False,False,False,False
1.0,900.0,21.0,34.0,34.0,3,24276.0,18388.0,0.32020883184685667,1,False,False,False,False,False,False,False,True
1.0,850.0,69.0,11.0,11.0,3,8349.0,8349.0,0.0,0,False,False,False,False,False,False,True,False
7.0,8400.0,50.0,31.0,28.0,2,43400.0,43400.0,0.0,0,False,False,False,False,False,True,False,False
3.0,500.0,16.0,18.0,21.0,3,6048.0,4656.0,0.29896907216494845,0,False,False,False,False,False,False,True,False
1.0,400.0,18.0,12.0,18.0,2,3888.0,4860.0,0.2,0,False,True,False,False,False,False,False,False
3.0,450.0,25.0,25.0,25.0,3,15625.0,15625.0,0.0,0,False,False,False,False,False,False,True,False
1.0,8500.0,18.0,13.0,29.0,3,6786.0,6786.0,0.0,0,False,False,False,False,True,False,False,False
1.0,5850.0,40.0,105.0,9.0,1,37800.0,37800.0,0.0,0,False,True,False,False,False,False,False,False
1.0,371.0,26.0,26.0,4.0,1,2704.0,2704.0,0.0,0,False,True,False,False,False,False,False,False
1.0,600.0,17.0,12.0,10.0,3,2040.0,6770.0,0.6986706056129985,1,False,False,False,False,False,False,True,False
1.0,1800.0,40.0,30.0,10.0,1,12000.0,12550.0,0.043824701195219126,0,False,False,False,False,False,False,False,True
1.0,8950.0,52.0,17.0,51.0,1,45084.0,45084.0,0.0,0,False,False,False,False,True,False,False,False
2.0,11750.0,18.0,79.0,40.0,1,56880.0,56880.0,0.0,0,False,False,False,False,True,False,False,False
1.0,220.0,18.0,17.0,14.0,1,4284.0,4284.0,0.0,0,False,False,False,True,False,False,False,False
3.0,1050.0,18.0,27.0,21.0,3,10206.0,10206.0,0.0,0,True,False,False,False,False,False,False,False
4.0,400.0,16.0,11.0,4.0,1,704.0,704.0,0.0,0,False,False,False,True,False,False,False,False
6.0,5250.0,47.0,23.0,19.0,1,20539.0,20539.0,0.0,0,False,False,False,False,False,True,False,False
1.0,650.0,27.0,22.0,10.0,3,5940.0,4250.0,0.3976470588235294,1,False,False,False,False,False,False,False,True
1.0,600.0,36.0,19.0,6.0,2,4104.0,5168.5,0.20595917577633743,0,True,False,False,False,False,False,False,False
3.0,250.0,21.0,15.0,7.0,1,2205.0,2205.0,0.0,0,True,False,False,False,False,False,False,False
1.0,100.0,16.0,11.0,3.0,1,528.0,528.0,0.0,0,False,False,False,False,False,False,False,True
6.0,1050.0,16.0,16.0,20.0,2,5120.0,5120.0,0.0,0,False,False,False,False,False,False,False,True
1.0,16500.0,40.0,26.0,25.0,2,26000.0,26000.0,0.0,0,False,False,False,False,False,True,False,False
2.0,1800.0,50.0,36.0,12.0,2,21600.0,21600.0,0.0,0,True,False,False,False,False,False,False,False
5.0,1300.0,30.0,30.0,10.0,3,9000.0,9000.0,0.0,0,False,True,False,False,False,False,False,False
1.0,250.0,16.0,30.0,10.0,3,4800.0,4800.0,0.0,0,False,False,False,True,False,False,False,False
1.0,400.0,16.0,14.0,10.0,1,2240.0,1984.0,0.12903225806451613,0,False,True,False,False,False,False,False,False
1.0,1900.0,50.0,70.0,13.0,3,45500.0,45500.0,0.0,0,False,False,False,False,False,True,False,False
3.0,314.0,20.0,18.0,19.0,1,6840.0,6840.0,0.0,0,True,False,False,False,False,False,False,False
1.0,400.0,20.0,20.0,20.0,1,8000.0,7525.0,0.06312292358803986,0,False,True,False,False,False,False,False,False
1.0,200.0,16.0,16.0,2.0,2,512.0,512.0,0.0,0,False,False,False,False,True,False,False,False
5.0,250.0,20.0,20.0,20.0,1,8000.0,8000.0,0.0,0,False,False,True,False,False,False,False,False
1.0,1000.0,56.0,22.0,9.0,1,11088.0,11088.0,0.0,0,False,False,False,False,False,False,False,True
12.0,100.0,19.0,11.0,3.0,3,627.0,627.0,0.0,0,True,False,False,False,False,False,False,False
1.0,1450.0,45.0,15.0,10.0,1,6750.0,6750.0,0.0,0,False,False,False,False,False,True,False,False
2.0,13200.0,66.0,67.0,19.0,3,84018.0,84018.0,0.0,0,False,False,False,False,False,False,False,True
1.0,2200.0,42.0,36.0,11.0,3,16632.0,25669.0,0.352058903736024,1,False,False,False,True,False,False,False,False
1.0,1300.0,70.0,11.0,11.0,3,8470.0,8470.0,0.0,0,False,False,False,False,False,False,False,True
4.0,200.0,16.0,11.0,9.0,3,1584.0,1584.0,0.0,0,True,False,False,False,False,False,False,False
4.0,1450.0,60.0,30.0,5.0,2,9000.0,9000.0,0.0,0,False,False,False,False,False,False,True,False
4.0,200.0,20.0,20.0,20.0,2,8000.0,4448.0,0.7985611510791367,1,False,False,False,False,True,False,False,False
1.0,1300.0,20.0,20.0,16.0,2,6400.0,6400.0,0.0,0,False,True,False,False,False,False,False,False
1.0,200.0,21.0,13.0,9.0,1,2457.0,4243.25,0.4209627054733989,1,False,False,False,False,True,False,False,False
1.0,1650.0,35.0,30.0,20.0,3,21000.0,21000.0,0.0,0,False,False,True,False,False,False,False,False
1.0,150.0,32.0,16.0,5.0,2,2560.0,4608.0,0.4444444444444444,1,False,False,True,False,False,False,False,False
2.0,250.0,20.0,12.0,9.0,2,2160.0,6134.25,0.6478787137791906,1,False,False,False,False,True,False,False,False
2.0,800.0,36.0,16.0,8.0,3,4608.0,4608.0,0.0,0,True,False,False,False,False,False,False,False
1.0,900.0,50.0,50.0,5.0,1,12500.0,18388.0,0.32020883184685667,1,False,False,False,False,False,False,False,True
2.0,800.0,53.0,20.0,8.0,3,8480.0,6976.0,0.21559633027522937,0,False,False,False,False,True,False,False,False
4.0,250.0,16.0,11.0,2.0,1,352.0,352.0,0.0,0,False,False,False,False,False,False,False,True
1.0,2700.0,45.0,35.0,13.0,1,20475.0,19237.5,0.06432748538011696,0,False,True,False,False,False,False,False,False
1.0,800.0,38.0,28.0,8.0,3,8512.0,8512.0,0.0,0,False,False,False,False,True,False,False,False
7.0,200.0,16.0,11.0,2.0,3,352.0,352.0,0.0,0,False,True,False,False,False,False,False,False
4.0,4500.0,80.0,28.0,70.0,2,156800.0,156800.0,0.0,0,False,False,False,False,True,False,False,False
1.0,11650.0,55.0,30.0,30.0,3,49500.0,49500.0,0.0,0,False,False,True,False,False,False,False,False
1.0,400.0,16.0,11.0,2.0,2,352.0,352.0,0.0,0,True,False,False,False,False,False,False,False
1.0,1150.0,20.0,20.0,25.0,1,10000.0,10000.0,0.0,0,False,True,False,False,False,False,False,False
3.0,400.0,16.0,16.0,20.0,3,5120.0,4135.0,0.23821039903264812,0,False,True,False,False,False,False,False,False
1.0,1400.0,16.0,37.0,44.0,2,26048.0,26048.0,0.0,0,False,True,False,False,False,False,False,False
1.0,400.0,35.0,35.0,7.0,2,8575.0,7525.0,0.13953488372093023,0,False,True,False,False,False,False,False,False
6.0,2000.0,30.0,17.0,34.0,1,17340.0,17340.0,0.0,0,False,False,False,False,True,False,False,False
1.0,1800.0,25.0,20.0,7.0,1,3500.0,3500.0,0.0,0,False,True,False,False,False,False,False,False
1.0,175.0,22.0,15.0,11.0,1,3630.0,3630.0,0.0,0,True,False,False,False,False,False,False,False
4.0,200.0,26.0,20.0,5.0,1,2600.0,2600.0,0.0,0,False,False,False,False,False,False,True,False
1.0,13825.0,70.0,49.0,35.0,3,120050.0,120050.0,0.0,0,False,True,False,False,False,False,False,False
1.0,200.0,16.0,20.0,2.0,2,640.0,640.0,0.0,0,False,False,True,False,False,False,False,False
3.0,2150.0,40.0,30.0,25.0,2,30000.0,30000.0,0.0,0,False,False,False,False,False,True,False,False
2.0,3100.0,38.0,28.0,28.0,1,29792.0,29792.0,0.0,0,False,False,False,False,False,False,True,False
3.0,700.0,35.0,27.0,7.0,2,6615.0,6615.0,0.0,0,True,False,False,False,False,False,False,False
2.0,1000.0,35.0,25.0,25.0,3,21875.0,21875.0,0.0,0,False,True,False,False,False,False,False,False
1.0,700.0,20.0,20.0,20.0,3,8000.0,8000.0,0.0,0,False,False,False,False,False,True,False,False
2.0,1000.0,27.0,20.0,10.0,3,5400.0,5400.0,0.0,0,False,False,False,False,False,False,True,False
4.0,750.0,36.0,36.0,18.0,1,23328.0,23328.0,0.0,0,False,False,True,False,False,False,False,False
3.0,2200.0,28.0,38.0,28.0,2,29792.0,29792.0,0.0,0,False,False,True,False,False,False,False,False
1.0,3100.0,32.0,21.0,26.0,2,17472.0,17472.0,0.0,0,True,False,False,False,False,False,False,False
3.0,150.0,16.0,14.0,4.0,1,896.0,896.0,0.0,0,False,True,False,False,False,False,False,False
3.0,150.0,21.0,14.0,7.0,3,2058.0,2058.0,0.0,0,False,False,False,False,False,True,False,False
2.0,900.0,40.0,40.0,8.0,2,12800.0,12800.0,0.0,0,False,False,False,False,False,False,True,False
1.0,263.0,18.0,16.0,12.0,2,3456.0,3456.0,0.0,0,False,False,False,False,False,False,False,True
4.0,600.0,70.0,11.0,11.0,1,8470.0,8470.0,0.0,0,False,False,True,False,False,False,False,False
4.0,5700.0,41.0,49.0,17.0,3,34153.0,34153.0,0.0,0,False,True,False,False,False,False,False,False
3.0,1400.0,38.0,39.0,40.0,3,59280.0,59280.0,0.0,0,False,False,False,False,False,False,True,False
4.0,250.0,20.0,12.0,14.0,2,3360.0,3360.0,0.0,0,False,False,True,False,False,False,False,False
1.0,700.0,40.0,20.0,20.0,2,16000.0,16000.0,0.0,0,False,False,False,False,True,False,False,False
1.0,2700.0,21.0,31.0,16.0,3,10416.0,10416.0,0.0,0,False,False,False,False,False,False,False,True
3.0,16200.0,55.0,40.0,40.0,2,88000.0,88000.0,0.0,0,False,False,False,True,False,False,False,False
1.0,150.0,16.0,11.0,6.0,3,1056.0,3409.0,0.6902317395130537,1,True,False,False,False,False,False,False,False
1.0,3600.0,40.0,40.0,20.0,2,32000.0,32000.0,0.0,0,False,False,False,True,False,False,False,False
2.0,150.0,16.0,16.0,18.0,1,4608.0,4608.0,0.0,0,False,False,False,False,True,False,False,False
2.0,300.0,24.0,24.0,11.0,2,6336.0,6336.0,0.0,0,False,False,True,False,False,False,False,False
1.0,100.0,16.0,11.0,3.0,3,528.0,858.0,0.38461538461538464,1,True,False,False,False,False,False,False,False
3.0,500.0,16.0,11.0,2.0,2,352.0,352.0,0.0,0,False,False,False,False,False,False,True,False
2.0,1000.0,30.0,25.0,10.0,2,7500.0,6270.0,0.19617224880382775,0,False,False,False,False,False,False,True,False
1.0,1300.0,31.0,31.0,32.0,2,30752.0,30752.0,0.0,0,True,False,False,False,False,False,False,False
1.0,450.0,20.0,11.0,2.0,2,440.0,440.0,0.0,0,False,False,False,False,False,False,True,False
2.0,16100.0,63.0,24.0,61.0,2,92232.0,92232.0,0.0,0,False,False,False,False,False,False,False,True
1.0,3700.0,30.0,20.0,20.0,1,12000.0,12000.0,0.0,0,False,False,False,False,False,False,True,False
2.0,1400.0,65.0,12.0,12.0,3,9360.0,9360.0,0.0,0,False,False,False,False,False,False,True,False
3.0,3250.0,32.0,22.0,14.0,3,9856.0,9856.0,0.0,0,False,False,False,False,False,True,False,False
5.0,200.0,16.0,11.0,11.0,3,1936.0,1936.0,0.0,0,False,False,True,False,False,False,False,False
4.0,75.0,19.0,11.0,3.0,3,627.0,627.0,0.0,0,False,False,False,False,True,False,False,False
1.0,2600.0,16.0,41.0,41.0,1,26896.0,26896.0,0.0,0,True,False,False,False,False,False,False,False
1.0,200.0,16.0,16.0,16.0,1,4096.0,3984.0,0.028112449799196786,0,False,True,False,False,False,False,False,False
1.0,600.0,17.0,18.0,17.0,2,5202.0,5168.5,0.006481571055431943,0,True,False,False,False,False,False,False,False
1.0,200.0,16.0,20.0,2.0,2,640.0,409.6,0.5624999999999999,1,False,False,False,True,False,False,False,False
1.0,550.0,30.0,25.0,5.0,2,3750.0,9318.0,0.5975531229877656,1,False,False,False,True,False,False,False,False
1.0,325.0,17.0,17.0,17.0,2,4913.0,4913.0,0.0,0,False,False,True,False,False,False,False,False
2.0,1400.0,37.0,35.0,23.0,3,29785.0,19509.5,0.5266921243496758,1,False,False,False,False,False,False,False,True
1.0,900.0,30.0,20.0,10.0,2,6000.0,4276.5,0.40301648544370394,1,False,False,False,False,False,False,False,True
1.0,400.0,20.0,19.0,11.0,2,4180.0,4180.0,0.0,0,False,False,True,False,False,False,False,False
1.0,250.0,16.0,11.0,12.0,3,2112.0,2112.0,0.0,0,False,True,False,False,False,False,False,False
1.0,1400.0,25.0,25.0,10.0,1,6250.0,6250.0,0.0,0,False,False,False,False,False,False,True,False
3.0,1075.0,34.0,34.0,31.0,2,35836.0,35836.0,0.0,0,False,False,False,True,False,False,False,False
1.0,1200.0,16.0,11.0,22.0,1,3872.0,6095.5,0.36477729472561726,1,False,False,False,False,False,True,False,False
2.0,200.0,41.0,29.0,2.0,2,2378.0,1690.0,0.40710059171597635,1,False,False,False,True,False,False,False,False
1.0,300.0,20.0,20.0,7.0,3,2800.0,7148.0,0.608282036933408,1,True,False,False,False,False,False,False,False
1.0,150.0,20.0,20.0,10.0,3,4000.0,2023.0,0.9772614928324271,1,False,False,False,False,False,False,True,False
1.0,1100.0,40.0,30.0,10.0,1,12000.0,5706.666666666667,1.102803738317757,1,False,False,False,False,True,False,False,False
3.0,584.0,16.0,13.0,11.0,3,2288.0,2288.0,0.0,0,False,False,False,False,False,False,True,False
1.0,700.0,18.0,18.0,12.0,2,3888.0,3888.0,0.0,0,False,False,False,False,False,True,False,False
1.0,16900.0,40.0,40.0,30.0,2,48000.0,48000.0,0.0,0,True,False,False,False,False,False,False,False
3.0,7000.0,25.0,25.0,25.0,3,15625.0,15625.0,0.0,0,False,False,False,False,False,False,False,True
1.0,1500.0,50.0,33.0,30.0,1,49500.0,49500.0,0.0,0,False,False,False,False,False,True,False,False
6.0,4700.0,47.0,23.0,19.0,1,20539.0,20539.0,0.0,0,False,False,False,False,False,True,False,False
1.0,303.0,14.0,28.0,14.0,1,5488.0,5488.0,0.0,0,False,False,False,False,False,True,False,False
3.0,239.0,27.0,16.0,8.0,1,3456.0,3456.0,0.0,0,False,False,False,True,False,False,False,False
4.0,1600.0,25.0,17.0,9.0,1,3825.0,3825.0,0.0,0,False,False,False,False,False,True,False,False
4.0,650.0,19.0,15.0,20.0,3,5700.0,5700.0,0.0,0,False,False,False,False,False,True,False,False
1.0,2300.0,40.0,30.0,10.0,3,12000.0,12000.0,0.0,0,False,False,False,False,False,True,False,False
1.0,250.0,22.0,15.0,10.0,1,3300.0,3300.0,0.0,0,False,False,False,False,False,True,False,False
1.0,200.0,16.0,11.0,2.0,2,352.0,409.6,0.14062500000000006,0,False,False,False,True,False,False,False,False
1.0,2350.0,30.0,30.0,30.0,2,27000.0,27000.0,0.0,0,True,False,False,False,False,False,False,False
17.0,9000.0,33.0,44.0,30.0,3,43560.0,43560.0,0.0,0,False,False,False,True,False,False,False,False
1.0,21467.0,76.0,51.0,57.0,1,220932.0,220932.0,0.0,0,False,False,True,False,False,False,False,False
2.0,304.0,19.0,16.0,11.0,1,3344.0,3344.0,0.0,0,False,False,False,False,False,False,False,True
1.0,700.0,20.0,17.0,16.0,1,5440.0,4914.0,0.10704110704110704,0,False,False,False,False,False,False,True,False
1.0,750.0,20.0,20.0,35.0,3,14000.0,14000.0,0.0,0,False,True,False,False,False,False,False,False
1.0,200.0,18.0,16.0,13.0,3,3744.0,2752.0,0.36046511627906974,1,False,False,False,True,False,False,False,False
2.0,17650.0,45.0,45.0,50.0,1,101250.0,101250.0,0.0,0,True,False,False,False,False,False,False,False
3.0,200.0,16.0,16.0,16.0,2,4096.0,4096.0,0.0,0,False,False,False,True,False,False,False,False
1.0,800.0,20.0,20.0,8.0,1,3200.0,4043.75,0.20865533230293662,0,False,False,False,False,False,False,False,True
2.0,7225.0,16.0,25.0,103.0,3,41200.0,41200.0,0.0,0,False,False,False,False,False,False,True,False
3.0,2320.0,63.0,17.0,33.0,3,35343.0,35343.0,0.0,0,False,False,False,False,False,False,False,True
3.0,150.0,16.0,20.0,6.0,1,1920.0,1928.0,0.004149377593360996,0,False,False,False,False,False,False,False,True
1.0,450.0,20.0,20.0,10.0,2,4000.0,4000.0,0.0,0,False,False,False,True,False,False,False,False
3.0,383.0,16.0,13.0,12.0,3,2496.0,2496.0,0.0,0,True,False,False,False,False,False,False,False
1.0,4300.0,16.0,11.0,15.0,2,2640.0,2640.0,0.0,0,False,False,True,False,False,False,False,False
2.0,150.0,16.0,11.0,4.0,3,704.0,952.0,0.2605042016806723,0,True,False,False,False,False,False,False,False
3.0,775.0,35.0,15.0,9.0,1,4725.0,4725.0,0.0,0,False,False,True,False,False,False,False,False
2.0,783.0,16.0,15.0,8.0,2,1920.0,1920.0,0.0,0,False,False,False,True,False,False,False,False
1.0,6200.0,35.0,25.0,15.0,2,13125.0,13125.0,0.0,0,False,False,False,False,False,True,False,False
3.0,350.0,25.0,20.0,10.0,1,5000.0,5000.0,0.0,0,False,False,False,False,True,False,False,False
5.0,750.0,50.0,40.0,5.0,1,10000.0,10000.0,0.0,0,False,False,False,False,False,False,True,False
1.0,400.0,40.0,40.0,15.0,1,24000.0,11970.666666666666,1.0049008687903767,1,False,False,False,False,True,False,False,False
1.0,200.0,27.0,12.0,10.0,1,3240.0,3240.0,0.0,0,True,False,False,False,False,False,False,False
1.0,200.0,30.0,30.0,40.0,1,36000.0,36000.0,0.0,0,False,False,False,False,False,False,True,False
1.0,75.0,19.0,11.0,3.0,2,627.0,627.0,0.0,0,False,False,False,False,False,False,False,True
2.0,500.0,16.0,12.0,16.0,2,3072.0,2656.0,0.1566265060240964,0,False,False,False,False,True,False,False,False
1.0,10100.0,30.0,30.0,61.0,1,54900.0,54900.0,0.0,0,False,True,False,False,False,False,False,False
6.0,3300.0,19.0,16.0,7.0,2,2128.0,2128.0,0.0,0,False,False,False,False,True,False,False,False
1.0,5600.0,20.0,60.0,5.0,2,6000.0,6000.0,0.0,0,False,False,False,True,False,False,False,False
1.0,450.0,35.0,11.0,35.0,3,13475.0,13475.0,0.0,0,False,True,False,False,False,False,False,False
1.0,7175.0,50.0,40.0,22.0,2,44000.0,44000.0,0.0,0,False,False,True,False,False,False,False,False
2.0,400.0,16.0,16.0,28.0,2,7168.0,7168.0,0.0,0,False,False,False,True,False,False,False,False
2.0,150.0,32.0,20.0,20.0,2,12800.0,5477.333333333333,1.3369036027263876,1,False,True,False,False,False,False,False,False
2.0,200.0,25.0,12.0,5.0,3,1500.0,1500.0,0.0,0,False,False,False,False,False,True,False,False
2.0,1100.0,35.0,35.0,9.0,3,11025.0,6792.5,0.6231137283768863,1,False,True,False,False,False,False,False,False
1.0,200.0,16.0,11.0,10.0,3,1760.0,2752.0,0.36046511627906974,1,False,False,False,True,False,False,False,False
1.0,150.0,35.0,11.0,8.0,2,3080.0,3080.0,0.0,0,False,False,False,False,False,False,False,True
2.0,500.0,16.0,11.0,2.0,1,352.0,352.0,0.0,0,False,False,False,False,False,False,True,False
1.0,100.0,17.0,12.0,3.0,2,612.0,834.6666666666666,0.2667731629392971,0,False,False,False,False,False,False,True,False
6.0,7000.0,22.0,27.0,52.0,1,30888.0,30888.0,0.0,0,False,False,False,False,True,False,False,False
1.0,1300.0,30.0,16.0,16.0,2,7680.0,7680.0,0.0,0,False,True,False,False,False,False,False,False
1.0,1800.0,30.0,20.0,6.0,3,3600.0,12550.0,0.7131474103585658,1,False,False,False,False,False,False,False,True
1.0,509.0,17.0,13.0,13.0,3,2873.0,2873.0,0.0,0,False,False,False,False,False,False,False,True
1.0,700.0,45.0,31.0,10.0,1,13950.0,13950.0,0.0,0,False,False,False,False,True,False,False,False
4.0,24050.0,80.0,60.0,30.0,1,144000.0,144000.0,0.0,0,False,False,False,False,True,False,False,False
1.0,850.0,16.0,11.0,14.0,3,2464.0,2464.0,0.0,0,False,False,False,False,True,False,False,False
1.0,250.0,42.0,30.0,2.0,3,2520.0,2520.0,0.0,0,False,False,False,False,True,False,False,False
1.0,2240.0,76.0,14.0,10.0,2,10640.0,10640.0,0.0,0,False,False,False,False,True,False,False,False
1.0,400.0,30.0,20.0,10.0,1,6000.0,7525.0,0.2026578073089701,0,False,True,False,False,False,False,False,False
3.0,1000.0,35.0,16.0,28.0,2,15680.0,15680.0,0.0,0,False,False,True,False,False,False,False,False
1.0,150.0,18.0,14.0,7.0,1,1764.0,3409.0,0.48254620123203285,1,True,False,False,False,False,False,False,False
4.0,6250.0,55.0,44.0,14.0,2,33880.0,33880.0,0.0,0,False,True,False,False,False,False,False,False
1.0,2700.0,20.0,30.0,30.0,3,18000.0,19237.5,0.06432748538011696,0,False,True,False,False,False,False,False,False
1.0,250.0,16.0,11.0,8.0,1,1408.0,1408.0,0.0,0,False,False,False,False,False,False,False,True
2.0,250.0,20.0,20.0,20.0,1,8000.0,8000.0,0.0,0,False,False,False,True,False,False,False,False
1.0,1376.0,23.0,21.0,15.0,1,7245.0,7245.0,0.0,0,False,False,False,False,False,True,False,False
1.0,6084.0,68.0,68.0,14.0,1,64736.0,64736.0,0.0,0,False,False,False,False,False,False,False,True
2.0,250.0,16.0,15.0,15.0,2,3600.0,3600.0,0.0,0,False,False,False,False,False,False,False,True
3.0,300.0,16.0,20.0,2.0,2,640.0,640.0,0.0,0,True,False,False,False,False,False,False,False
1.0,325.0,17.0,12.0,18.0,2,3672.0,3672.0,0.0,0,False,False,False,False,False,False,True,False
6.0,4000.0,30.0,24.0,21.0,1,15120.0,15120.0,0.0,0,False,False,False,True,False,False,False,False
1.0,150.0,27.0,17.0,13.0,1,5967.0,3913.0,0.5249169435215947,1,True,False,False,False,False,False,False,False
3.0,1100.0,37.0,30.0,12.0,2,13320.0,13320.0,0.0,0,False,False,True,False,False,False,False,False
1.0,200.0,16.0,11.0,2.0,3,352.0,409.6,0.14062500000000006,0,False,False,False,True,False,False,False,False
1.0,300.0,16.0,11.0,17.0,2,2992.0,7148.0,0.5814213766088416,1,True,False,False,False,False,False,False,False
2.0,400.0,38.0,29.0,2.0,1,2204.0,2204.0,0.0,0,True,False,False,False,False,False,False,False
3.0,250.0,16.0,20.0,6.0,1,1920.0,1920.0,0.0,0,False,True,False,False,False,False,False,False
5.0,588.0,20.0,15.0,17.0,2,5100.0,5100.0,0.0,0,False,False,True,False,False,False,False,False
2.0,1550.0,35.0,40.0,30.0,1,42000.0,42000.0,0.0,0,False,False,False,False,False,False,True,False
1.0,683.0,31.0,16.0,16.0,1,7936.0,7936.0,0.0,0,True,False,False,False,False,False,False,False
1.0,500.0,25.0,20.0,15.0,3,7500.0,7500.0,0.0,0,False,True,False,False,False,False,False,False
1.0,600.0,23.0,20.0,25.0,2,11500.0,6770.0,0.6986706056129985,1,False,False,False,False,False,False,True,False
1.0,600.0,17.0,17.0,17.0,3,4913.0,7646.0,0.35744179963379547,1,False,False,False,False,False,False,True,False
1.0,2900.0,83.0,12.0,82.0,2,81672.0,81672.0,0.0,0,False,False,False,False,True,False,False,False
1.0,100.0,16.0,16.0,5.0,1,1280.0,1280.0,0.0,0,False,False,False,False,False,False,False,True
1.0,233.0,18.0,14.0,16.0,2,4032.0,4032.0,0.0,0,False,False,False,False,False,False,True,False
3.0,10700.0,40.0,16.0,100.0,1,64000.0,64000.0,0.0,0,True,False,False,False,False,False,False,False
5.0,750.0,21.0,14.0,10.0,3,2940.0,2940.0,0.0,0,False,False,False,False,False,False,False,True
1.0,99.0,22.0,16.0,3.0,1,1056.0,1056.0,0.0,0,False,False,False,False,False,False,False,True
2.0,300.0,30.0,40.0,20.0,1,24000.0,26960.0,0.10979228486646884,0,False,True,False,False,False,False,False,False
2.0,600.0,19.0,15.0,10.0,1,2850.0,2850.0,0.0,0,False,False,False,False,False,False,True,False
3.0,125.0,24.0,20.0,12.0,2,5760.0,5760.0,0.0,0,True,False,False,False,False,False,False,False
1.0,700.0,28.0,11.0,10.0,1,3080.0,4914.0,0.3732193732193732,1,False,False,False,False,False,False,True,False
1.0,2100.0,40.0,29.0,6.0,2,6960.0,32100.0,0.7831775700934579,1,False,False,False,False,False,False,False,True
1.0,1000.0,33.0,22.0,6.0,1,4356.0,4356.0,0.0,0,False,False,False,False,False,False,True,False
1.0,1500.0,20.0,30.0,30.0,1,18000.0,18000.0,0.0,0,False,True,False,False,False,False,False,False
2.0,175.0,17.0,12.0,3.0,2,612.0,612.0,0.0,0,False,False,False,False,False,True,False,False
1.0,3975.0,46.0,43.0,12.0,1,23736.0,23736.0,0.0,0,False,False,False,False,True,False,False,False
2.0,500.0,80.0,60.0,10.0,1,48000.0,48000.0,0.0,0,False,False,False,False,False,True,False,False
2.0,800.0,32.0,28.0,6.0,2,5376.0,6976.0,0.22935779816513763,0,False,False,False,False,True,False,False,False
3.0,200.0,19.0,12.0,3.0,3,684.0,760.0,0.1,0,False,False,True,False,False,False,False,False
4.0,340.0,47.0,13.0,13.0,3,7943.0,7943.0,0.0,0,False,False,False,False,False,False,False,True
2.0,3950.0,33.0,33.0,14.0,3,15246.0,15246.0,0.0,0,False,True,False,False,False,False,False,False
1.0,425.0,39.0,39.0,17.0,2,25857.0,25857.0,0.0,0,True,False,False,False,False,False,False,False
7.0,800.0,22.0,15.0,7.0,1,2310.0,2310.0,0.0,0,False,False,False,False,False,True,False,False
3.0,200.0,17.0,17.0,7.0,1,2023.0,2023.0,0.0,0,False,False,False,True,False,False,False,False
2.0,175.0,19.0,13.0,12.0,3,2964.0,2964.0,0.0,0,False,False,False,False,False,False,False,True
2.0,1050.0,100.0,15.0,7.0,3,10500.0,10500.0,0.0,0,False,False,False,False,False,True,False,False
1.0,8850.0,16.0,16.0,10.0,2,2560.0,2560.0,0.0,0,False,False,False,False,False,True,False,False
4.0,5250.0,66.0,33.0,15.0,1,32670.0,32670.0,0.0,0,False,False,False,True,False,False,False,False
2.0,1700.0,34.0,34.0,10.0,2,11560.0,11560.0,0.0,0,False,False,False,False,False,False,True,False
2.0,200.0,32.0,26.0,8.0,2,6656.0,6656.0,0.0,0,False,False,False,False,False,True,False,False
1.0,3350.0,20.0,20.0,21.0,2,8400.0,8400.0,0.0,0,False,False,True,False,False,False,False,False
4.0,530.0,18.0,18.0,24.0,2,7776.0,7776.0,0.0,0,False,False,False,False,False,False,True,False
2.0,2000.0,20.0,30.0,40.0,1,24000.0,24000.0,0.0,0,False,False,False,False,False,False,True,False
1.0,175.0,30.0,25.0,20.0,2,15000.0,15000.0,0.0,0,False,True,False,False,False,False,False,False
1.0,7000.0,57.0,52.0,11.0,3,32604.0,32604.0,0.0,0,False,False,True,False,False,False,False,False
1.0,4500.0,59.0,59.0,10.0,1,34810.0,34810.0,0.0,0,False,False,True,False,False,False,False,False
2.0,150.0,16.0,15.0,5.0,1,1200.0,1200.0,0.0,0,False,False,False,False,False,False,False,True
2.0,150.0,16.0,11.0,13.0,3,2288.0,5477.333333333333,0.5822784810126582,1,False,True,False,False,False,False,False,False
2.0,1200.0,19.0,14.0,6.0,3,1596.0,1596.0,0.0,0,False,False,False,True,False,False,False,False
1.0,2000.0,35.0,12.0,27.0,2,11340.0,11340.0,0.0,0,False,True,False,False,False,False,False,False
1.0,575.0,20.0,15.0,10.0,3,3000.0,3000.0,0.0,0,False,False,False,True,False,False,False,False
1.0,18450.0,68.0,42.0,21.0,2,59976.0,59976.0,0.0,0,False,False,False,False,True,False,False,False
1.0,600.0,20.0,30.0,20.0,3,12000.0,12000.0,0.0,0,False,False,False,False,False,True,False,False
3.0,424.0,25.0,19.0,10.0,1,4750.0,4750.0,0.0,0,True,False,False,False,False,False,False,False
7.0,400.0,21.0,15.0,7.0,2,2205.0,2205.0,0.0,0,False,False,False,False,True,False,False,False
1.0,10050.0,51.0,24.0,49.0,1,59976.0,59976.0,0.0,0,False,False,False,False,False,False,False,True
1.0,500.0,25.0,18.0,4.0,1,1800.0,1268.0,0.4195583596214511,1,False,False,True,False,False,False,False,False
4.0,500.0,16.0,20.0,15.0,3,4800.0,4800.0,0.0,0,False,False,False,False,True,False,False,False
2.0,300.0,16.0,11.0,11.0,3,1936.0,1936.0,0.0,0,False,False,True,False,False,False,False,False
2.0,8200.0,40.0,35.0,35.0,1,49000.0,49000.0,0.0,0,False,True,False,False,False,False,False,False
1.0,50.0,40.0,50.0,30.0,3,60000.0,60000.0,0.0,0,False,False,False,False,False,False,True,False
3.0,425.0,20.0,18.0,9.0,1,3240.0,3240.0,0.0,0,False,False,False,True,False,False,False,False
1.0,835.0,40.0,33.0,9.0,2,11880.0,11880.0,0.0,0,False,False,False,False,False,False,True,False
1.0,1250.0,19.0,22.0,17.0,1,7106.0,5590.666666666667,0.2710469830670164,0,False,False,True,False,False,False,False,False
1.0,2900.0,40.0,35.0,10.0,3,14000.0,14000.0,0.0,0,False,False,False,False,False,False,True,False
2.0,200.0,16.0,11.0,2.0,3,352.0,1690.0,0.7917159763313609,1,False,False,False,True,False,False,False,False
1.0,400.0,17.0,17.0,8.0,1,2312.0,11970.666666666666,0.8068612163065271,1,False,False,False,False,True,False,False,False
1.0,470.0,21.0,21.0,23.0,2,10143.0,10143.0,0.0,0,False,False,False,True,False,False,False,False
1.0,400.0,16.0,20.0,30.0,2,9600.0,11970.666666666666,0.19803965248384936,0,False,False,False,False,True,False,False,False
1.0,100.0,16.0,16.0,15.0,3,3840.0,3840.0,0.0,0,False,False,False,False,True,False,False,False
3.0,300.0,27.0,15.0,11.0,1,4455.0,4455.0,0.0,0,True,False,False,False,False,False,False,False
3.0,400.0,20.0,11.0,30.0,3,6600.0,6600.0,0.0,0,False,False,False,False,True,False,False,False
4.0,1500.0,60.0,29.0,20.0,3,34800.0,34800.0,0.0,0,False,False,True,False,False,False,False,False
4.0,7350.0,24.0,53.0,69.0,1,87768.0,87768.0,0.0,0,False,False,False,False,False,False,True,False
1.0,4400.0,27.0,37.0,27.0,1,26973.0,26973.0,0.0,0,True,False,False,False,False,False,False,False
1.0,1200.0,30.0,20.0,16.0,2,9600.0,9600.0,0.0,0,False,False,False,False,False,False,False,True
3.0,250.0,16.0,15.0,15.0,3,3600.0,3600.0,0.0,0,False,False,False,False,False,True,False,False
1.0,1400.0,25.0,35.0,35.0,1,30625.0,30625.0,0.0,0,False,False,False,False,False,False,True,False
2.0,250.0,20.0,16.0,5.0,2,1600.0,6134.25,0.7391694176142153,1,False,False,False,False,True,False,False,False
1.0,1050.0,38.0,39.0,41.0,3,60762.0,60762.0,0.0,0,True,False,False,False,False,False,False,False
1.0,1550.0,23.0,18.0,17.0,2,7038.0,7038.0,0.0,0,False,False,False,False,False,False,True,False
1.0,217.0,17.0,15.0,13.0,3,3315.0,2847.5,0.16417910447761194,0,False,False,False,False,False,True,False,False
1.0,200.0,20.0,20.0,20.0,2,8000.0,4243.25,0.8853473163259294,1,False,False,False,False,True,False,False,False
1.0,900.0,16.0,16.0,10.0,2,2560.0,2560.0,0.0,0,False,False,False,False,False,False,False,True
2.0,200.0,22.0,16.0,16.0,2,5632.0,5632.0,0.0,0,False,False,True,False,False,False,False,False
2.0,100.0,16.0,11.0,8.0,1,1408.0,2090.0,0.3263157894736842,1,False,False,False,False,True,False,False,False
1.0,1450.0,16.0,12.0,16.0,1,3072.0,3072.0,0.0,0,False,False,False,False,False,True,False,False
2.0,400.0,16.0,20.0,11.0,3,3520.0,3520.0,0.0,0,True,False,False,False,False,False,False,False
2.0,317.0,20.0,16.0,7.0,2,2240.0,2240.0,0.0,0,False,False,True,False,False,False,False,False
3.0,200.0,20.0,13.0,5.0,2,1300.0,1300.0,0.0,0,False,False,False,True,False,False,False,False
4.0,600.0,35.0,30.0,15.0,3,15750.0,15750.0,0.0,0,False,False,False,True,False,False,False,False
1.0,975.0,19.0,15.0,12.0,3,3420.0,3420.0,0.0,0,False,True,False,False,False,False,False,False
1.0,300.0,19.0,13.0,13.0,2,3211.0,3211.0,0.0,0,False,False,True,False,False,False,False,False
7.0,14350.0,41.0,31.0,55.0,3,69905.0,69905.0,0.0,0,False,False,True,False,False,False,False,False
1.0,1950.0,58.0,46.0,15.0,3,40020.0,40020.0,0.0,0,False,False,False,False,True,False,False,False
2.0,400.0,20.0,20.0,5.0,2,2000.0,2000.0,0.0,0,False,False,False,False,False,True,False,False
1.0,650.0,16.0,16.0,10.0,2,2560.0,2560.0,0.0,0,False,False,True,False,False,False,False,False
4.0,700.0,36.0,30.0,12.0,3,12960.0,12960.0,0.0,0,False,False,False,False,False,True,False,False
4.0,4050.0,30.0,30.0,53.0,2,47700.0,47700.0,0.0,0,False,False,False,False,True,False,False,False
1.0,6250.0,53.0,28.0,23.0,2,34132.0,34132.0,0.0,0,True,False,False,False,False,False,False,False
1.0,300.0,37.0,20.0,20.0,1,14800.0,7148.0,1.0705092333519866,1,True,False,False,False,False,False,False,False
1.0,650.0,34.0,15.0,15.0,2,7650.0,7650.0,0.0,0,False,True,False,False,False,False,False,False
1.0,150.0,19.0,11.0,3.0,2,627.0,627.0,0.0,0,False,False,True,False,False,False,False,False
1.0,200.0,18.0,13.0,9.0,1,2106.0,3115.3333333333335,0.32398887224481066,1,False,False,False,False,False,False,True,False
2.0,250.0,18.0,15.0,19.0,1,5130.0,5130.0,0.0,0,False,False,True,False,False,False,False,False
3.0,200.0,16.0,20.0,12.0,1,3840.0,3840.0,0.0,0,True,False,False,False,False,False,False,False
3.0,50.0,18.0,11.0,6.0,1,1188.0,1188.0,0.0,0,False,False,False,False,False,True,False,False
1.0,2400.0,41.0,36.0,11.0,2,16236.0,16236.0,0.0,0,False,False,False,False,True,False,False,False
1.0,1150.0,16.0,12.0,12.0,3,2304.0,2304.0,0.0,0,False,False,False,False,False,False,False,True
4.0,450.0,20.0,30.0,31.0,2,18600.0,18600.0,0.0,0,False,False,True,False,False,False,False,False
2.0,600.0,23.0,20.0,18.0,1,8280.0,8280.0,0.0,0,False,True,False,False,False,False,False,False
3.0,6700.0,70.0,22.0,25.0,2,38500.0,38500.0,0.0,0,False,False,False,False,False,False,True,False
1.0,200.0,21.0,14.0,7.0,2,2058.0,5029.0,0.5907735136209982,1,False,False,False,True,False,False,False,False
1.0,100.0,17.0,12.0,3.0,1,612.0,834.6666666666666,0.2667731629392971,0,False,False,False,False,False,False,True,False
2.0,1000.0,20.0,20.0,20.0,3,8000.0,8000.0,0.0,0,False,False,False,False,True,False,False,False
5.0,5650.0,40.0,50.0,16.0,3,32000.0,32000.0,0.0,0,False,False,False,False,False,True,False,False
6.0,650.0,20.0,50.0,40.0,1,40000.0,40000.0,0.0,0,False,False,False,False,False,False,True,False
1.0,225.0,17.0,17.0,17.0,1,4913.0,4913.0,0.0,0,False,True,False,False,False,False,False,False
2.0,200.0,16.0,11.0,11.0,3,1936.0,1144.0,0.6923076923076923,1,False,False,False,False,False,False,True,False
1.0,2300.0,36.0,19.0,30.0,1,20520.0,20520.0,0.0,0,False,False,True,False,False,False,False,False
1.0,300.0,16.0,11.0,4.0,2,704.0,2400.0,0.7066666666666667,1,False,False,False,False,False,False,False,True
1.0,2550.0,20.0,25.0,40.0,1,20000.0,20000.0,0.0,0,False,False,False,False,False,False,True,False
1.0,15050.0,60.0,60.0,25.0,3,90000.0,90000.0,0.0,0,False,False,False,False,True,False,False,False
2.0,200.0,16.0,11.0,2.0,3,352.0,1144.0,0.6923076923076923,1,False,False,False,False,False,False,True,False
1.0,150.0,29.0,16.0,2.0,2,928.0,1613.5,0.4248528044623489,1,False,False,False,True,False,False,False,False
3.0,150.0,35.0,25.0,2.0,3,1750.0,1750.0,0.0,0,False,False,True,False,False,False,False,False
5.0,350.0,43.0,27.0,16.0,2,18576.0,18576.0,0.0,0,True,False,False,False,False,False,False,False
2.0,500.0,17.0,17.0,22.0,3,6358.0,4147.0,0.53315649867374,1,False,False,False,True,False,False,False,False
2.0,800.0,20.0,20.0,7.0,1,2800.0,2800.0,0.0,0,False,False,False,False,False,False,False,True
5.0,550.0,32.0,20.0,11.0,1,7040.0,7040.0,0.0,0,False,False,False,False,False,False,True,False
1.0,328.0,20.0,18.0,14.0,2,5040.0,5040.0,0.0,0,False,False,False,False,False,False,True,False
2.0,500.0,30.0,23.0,6.0,1,4140.0,6270.0,0.3397129186602871,1,False,False,False,False,False,False,False,True
2.0,1300.0,42.0,20.0,12.0,3,10080.0,10080.0,0.0,0,False,True,False,False,False,False,False,False
2.0,500.0,19.0,25.0,17.0,2,8075.0,8075.0,0.0,0,False,False,False,False,False,False,True,False
1.0,283.0,18.0,13.0,12.0,3,2808.0,2808.0,0.0,0,False,False,False,False,False,True,False,False
1.0,775.0,21.0,26.0,18.0,2,9828.0,9828.0,0.0,0,False,False,False,False,True,False,False,False
2.0,200.0,22.0,11.0,3.0,1,726.0,726.0,0.0,0,False,False,True,False,False,False,False,False
1.0,1650.0,33.0,19.0,44.0,3,27588.0,27588.0,0.0,0,False,False,False,False,False,True,False,False
1.0,900.0,30.0,11.0,14.0,1,4620.0,7906.0,0.41563369592714394,1,False,False,False,False,False,False,False,True
3.0,2550.0,105.0,70.0,3.0,1,22050.0,22050.0,0.0,0,False,False,False,False,True,False,False,False
6.0,200.0,18.0,16.0,3.0,2,864.0,864.0,0.0,0,False,False,False,True,False,False,False,False
2.0,10900.0,45.0,35.0,15.0,1,23625.0,23625.0,0.0,0,False,False,False,False,False,True,False,False
1.0,2250.0,34.0,30.0,52.0,3,53040.0,53040.0,0.0,0,True,False,False,False,False,False,False,False
6.0,4500.0,102.0,12.0,12.0,3,14688.0,14688.0,0.0,0,False,False,False,True,False,False,False,False
6.0,500.0,20.0,20.0,20.0,3,8000.0,8000.0,0.0,0,False,False,False,False,False,True,False,False
4.0,200.0,27.0,26.0,9.0,2,6318.0,6318.0,0.0,0,False,False,False,False,True,False,False,False
5.0,4200.0,78.0,47.0,4.0,3,14664.0,14664.0,0.0,0,True,False,False,False,False,False,False,False
6.0,100.0,17.0,12.0,4.0,2,816.0,1164.0,0.29896907216494845,0,False,False,False,False,False,True,False,False
4.0,3850.0,35.0,41.0,26.0,2,37310.0,37310.0,0.0,0,False,False,False,True,False,False,False,False
1.0,400.0,18.0,18.0,18.0,3,5832.0,4860.0,0.2,0,False,True,False,False,False,False,False,False
1.0,400.0,22.0,20.0,5.0,2,2200.0,5452.0,0.5964783565663977,1,False,False,False,False,False,True,False,False
1.0,3000.0,55.0,35.0,25.0,2,48125.0,48125.0,0.0,0,False,False,False,False,False,False,True,False
2.0,1350.0,50.0,11.0,11.0,1,6050.0,6050.0,0.0,0,False,True,False,False,False,False,False,False
3.0,130.0,100.0,35.0,25.0,1,87500.0,87500.0,0.0,0,True,False,False,False,False,False,False,False
1.0,580.0,39.0,15.0,11.0,3,6435.0,6435.0,0.0,0,False,False,False,False,False,False,True,False
1.0,600.0,30.0,20.0,4.0,1,2400.0,7646.0,0.686110384514779,1,False,False,False,False,False,False,True,False
1.0,600.0,20.0,20.0,7.0,2,2800.0,5168.5,0.4582567476056883,1,True,False,False,False,False,False,False,False
1.0,1000.0,35.0,34.0,10.0,3,11900.0,11900.0,0.0,0,False,False,False,False,False,False,False,True
1.0,550.0,20.0,21.0,13.0,1,5460.0,5460.0,0.0,0,False,False,False,False,False,False,False,True
2.0,595.0,8.0,6.0,6.0,3,288.0,288.0,0.0,0,False,False,False,True,False,False,False,False
2.0,700.0,16.0,25.0,35.0,1,14000.0,14000.0,0.0,0,False,False,True,False,False,False,False,False
1.0,867.0,26.0,18.0,15.0,2,7020.0,7020.0,0.0,0,False,False,False,True,False,False,False,False
6.0,400.0,18.0,15.0,11.0,1,2970.0,2970.0,0.0,0,False,False,False,False,False,False,False,True
5.0,200.0,16.0,16.0,16.0,2,4096.0,4096.0,0.0,0,True,False,False,False,False,False,False,False
2.0,100.0,18.0,14.0,11.0,3,2772.0,2090.0,0.3263157894736842,1,False,False,False,False,True,False,False,False
1.0,213.0,21.0,14.0,2.0,2,588.0,588.0,0.0,0,False,False,True,False,False,False,False,False
1.0,253.0,20.0,18.0,10.0,2,3600.0,3600.0,0.0,0,False,True,False,False,False,False,False,False
1.0,400.0,19.0,19.0,11.0,1,3971.0,3971.0,0.0,0,False,False,False,False,False,False,True,False
1.0,500.0,20.0,15.0,12.0,1,3600.0,3600.0,0.0,0,False,False,False,False,False,False,False,True
1.0,300.0,20.0,20.0,20.0,3,8000.0,5500.0,0.45454545454545453,1,False,False,False,False,False,True,False,False
2.0,9900.0,61.0,31.0,31.0,1,58621.0,58621.0,0.0,0,True,False,False,False,False,False,False,False
1.0,500.0,23.0,16.0,2.0,2,736.0,1268.0,0.4195583596214511,1,False,False,True,False,False,False,False,False
1.0,1150.0,19.0,19.0,22.0,2,7942.0,17905.5,0.556449135740415,1,False,False,True,False,False,False,False,False
1.0,300.0,17.0,14.0,14.0,1,3332.0,3287.0,0.013690295101916642,0,False,False,True,False,False,False,False,False
1.0,4200.0,34.0,38.0,10.0,2,12920.0,12920.0,0.0,0,True,False,False,False,False,False,False,False
3.0,600.0,20.0,20.0,20.0,2,8000.0,8000.0,0.0,0,False,False,True,False,False,False,False,False
1.0,2150.0,21.0,71.0,4.0,2,5964.0,5964.0,0.0,0,False,False,False,False,False,False,False,True
1.0,550.0,27.0,25.0,25.0,3,16875.0,16875.0,0.0,0,False,False,False,False,True,False,False,False
3.0,2700.0,16.0,11.0,11.0,1,1936.0,1936.0,0.0,0,False,False,False,True,False,False,False,False
3.0,17150.0,36.0,56.0,48.0,2,96768.0,96768.0,0.0,0,False,False,True,False,False,False,False,False
1.0,300.0,16.0,11.0,8.0,2,1408.0,3798.0,0.6292785676671933,1,False,False,False,False,True,False,False,False
1.0,6400.0,30.0,30.0,30.0,1,27000.0,27000.0,0.0,0,True,False,False,False,False,False,False,False
1.0,4200.0,30.0,20.0,20.0,1,12000.0,12000.0,0.0,0,False,True,False,False,False,False,False,False
1.0,800.0,39.0,28.0,6.0,1,6552.0,4043.75,0.6202782071097372,1,False,False,False,False,False,False,False,True
6.0,700.0,40.0,40.0,15.0,2,24000.0,24000.0,0.0,0,False,True,False,False,False,False,False,False
1.0,700.0,30.0,20.0,10.0,2,6000.0,6000.0,0.0,0,True,False,False,False,False,False,False,False
1.0,200.0,18.0,14.0,8.0,3,2016.0,4243.25,0.5248924762858658,1,False,False,False,False,True,False,False,False
1.0,100.0,16.0,11.0,2.0,3,352.0,880.0,0.6,1,False,False,False,True,False,False,False,False
1.0,300.0,19.0,13.0,12.0,2,2964.0,3287.0,0.09826589595375723,0,False,False,True,False,False,False,False,False
1.0,2650.0,33.0,33.0,10.0,1,10890.0,12437.0,0.12438691002653374,0,False,False,False,False,False,False,True,False
11.0,800.0,40.0,35.0,8.0,2,11200.0,11200.0,0.0,0,False,False,True,False,False,False,False,False
1.0,1250.0,22.0,20.0,11.0,1,4840.0,4840.0,0.0,0,False,False,False,False,True,False,False,False
1.0,455.0,21.0,17.0,15.0,3,5355.0,5355.0,0.0,0,False,False,False,False,False,False,True,False
2.0,300.0,20.0,44.0,34.0,2,29920.0,26960.0,0.10979228486646884,0,False,True,False,False,False,False,False,False
6.0,450.0,20.0,15.0,15.0,1,4500.0,4500.0,0.0,0,False,False,False,True,False,False,False,False
1.0,65.0,17.0,17.0,12.0,2,3468.0,3468.0,0.0,0,False,False,False,False,False,True,False,False
4.0,350.0,44.0,30.0,17.0,2,22440.0,22440.0,0.0,0,False,False,False,False,False,False,False,True
1.0,500.0,20.0,15.0,6.0,1,1800.0,1800.0,0.0,0,False,False,False,False,False,True,False,False
1.0,1900.0,30.0,30.0,6.0,1,5400.0,5400.0,0.0,0,False,False,False,True,False,False,False,False
2.0,1000.0,29.0,21.0,19.0,1,11571.0,11571.0,0.0,0,False,False,True,False,False,False,False,False
1.0,2800.0,95.0,33.0,7.0,1,21945.0,11148.5,0.9684262456832757,1,True,False,False,False,False,False,False,False
6.0,1400.0,30.0,26.0,20.0,2,15600.0,15600.0,0.0,0,False,True,False,False,False,False,False,False
1.0,110.0,17.0,14.0,2.0,2,476.0,476.0,0.0,0,False,False,False,True,False,False,False,False
2.0,250.0,16.0,14.0,23.0,2,5152.0,6134.25,0.16012552471777317,0,False,False,False,False,True,False,False,False
1.0,4350.0,20.0,20.0,20.0,1,8000.0,8000.0,0.0,0,False,False,False,False,False,False,False,True
2.0,200.0,24.0,14.0,7.0,2,2352.0,2373.0,0.008849557522123894,0,False,True,False,False,False,False,False,False
1.0,220.0,22.0,12.0,13.0,1,3432.0,3432.0,0.0,0,False,False,False,False,False,False,True,False
1.0,300.0,20.0,20.0,30.0,3,12000.0,9980.0,0.20240480961923848,0,False,False,False,False,False,True,False,False
1.0,850.0,18.0,14.0,10.0,2,2520.0,2520.0,0.0,0,False,False,False,False,False,False,True,False
3.0,1800.0,22.0,18.0,10.0,1,3960.0,3960.0,0.0,0,False,False,False,False,False,False,False,True
1.0,400.0,16.0,15.0,21.0,3,5040.0,5040.0,0.0,0,False,False,False,False,True,False,False,False
5.0,5250.0,35.0,35.0,15.0,3,18375.0,18375.0,0.0,0,False,False,True,False,False,False,False,False
1.0,300.0,35.0,25.0,10.0,2,8750.0,9980.0,0.12324649298597194,0,False,False,False,False,False,True,False,False
4.0,198.0,17.0,15.0,9.0,2,2295.0,2295.0,0.0,0,False,True,False,False,False,False,False,False
2.0,950.0,27.0,27.0,30.0,1,21870.0,21870.0,0.0,0,True,False,False,False,False,False,False,False
1.0,2200.0,45.0,35.0,25.0,1,39375.0,25669.0,0.5339514589582766,1,False,False,False,True,False,False,False,False
1.0,675.0,22.0,16.0,9.0,3,3168.0,3168.0,0.0,0,False,False,False,False,False,False,False,True
1.0,154.0,17.0,13.0,10.0,1,2210.0,2320.0,0.04741379310344827,0,False,False,False,True,False,False,False,False
1.0,1600.0,40.0,20.0,20.0,3,16000.0,16000.0,0.0,0,True,False,False,False,False,False,False,False
1.0,1250.0,19.0,22.0,17.0,2,7106.0,5590.666666666667,0.2710469830670164,0,False,False,True,False,False,False,False,False
3.0,18667.0,88.0,67.0,28.0,1,165088.0,165088.0,0.0,0,False,False,False,False,True,False,False,False
1.0,700.0,20.0,20.0,15.0,3,6000.0,6000.0,0.0,0,False,False,False,False,True,False,False,False
1.0,300.0,20.0,15.0,10.0,2,3000.0,5500.0,0.45454545454545453,1,False,False,False,False,False,True,False,False
4.0,2450.0,23.0,23.0,7.0,2,3703.0,3703.0,0.0,0,False,False,False,True,False,False,False,False
1.0,325.0,25.0,13.0,10.0,2,3250.0,3250.0,0.0,0,True,False,False,False,False,False,False,False
5.0,461.0,18.0,14.0,10.0,2,2520.0,2520.0,0.0,0,False,False,False,False,False,True,False,False
2.0,543.0,30.0,16.0,12.0,2,5760.0,5760.0,0.0,0,False,False,True,False,False,False,False,False
6.0,9050.0,56.0,32.0,11.0,2,19712.0,19712.0,0.0,0,False,False,False,False,False,False,False,True
2.0,700.0,20.0,20.0,20.0,1,8000.0,8000.0,0.0,0,False,False,True,False,False,False,False,False
1.0,550.0,23.0,35.0,37.0,1,29785.0,9318.0,2.196501395149174,1,False,False,False,True,False,False,False,False
2.0,450.0,16.0,22.0,16.0,1,5632.0,5632.0,0.0,0,False,False,False,False,True,False,False,False
5.0,1150.0,40.0,30.0,20.0,1,24000.0,24000.0,0.0,0,False,False,True,False,False,False,False,False
2.0,100.0,16.0,16.0,8.0,1,2048.0,1508.0,0.35809018567639256,1,False,False,False,False,True,False,False,False
3.0,300.0,26.0,26.0,3.0,2,2028.0,2028.0,0.0,0,False,False,True,False,False,False,False,False
1.0,263.0,19.0,16.0,14.0,1,4256.0,4256.0,0.0,0,False,False,False,False,False,False,True,False
1.0,625.0,16.0,15.0,14.0,2,3360.0,3360.0,0.0,0,False,True,False,False,False,False,False,False
2.0,102.0,20.0,13.0,6.0,3,1560.0,1560.0,0.0,0,False,False,False,False,False,False,False,True
1.0,300.0,35.0,15.0,4.0,2,2100.0,2370.0,0.11392405063291139,0,False,False,False,True,False,False,False,False
1.0,600.0,26.0,18.0,6.0,1,2808.0,2808.0,0.0,0,False,False,False,False,False,False,False,True
1.0,225.0,18.0,16.0,18.0,3,5184.0,5184.0,0.0,0,False,False,False,False,False,False,True,False
2.0,790.0,28.0,31.0,24.0,2,20832.0,20832.0,0.0,0,False,True,False,False,False,False,False,False
6.0,150.0,28.0,12.0,13.0,3,4368.0,10104.0,0.5676959619952494,1,False,False,False,False,True,False,False,False
3.0,350.0,20.0,20.0,20.0,3,8000.0,8000.0,0.0,0,False,False,False,True,False,False,False,False
3.0,950.0,26.0,19.0,15.0,3,7410.0,7410.0,0.0,0,False,False,True,False,False,False,False,False
1.0,22050.0,55.0,60.0,40.0,1,132000.0,132000.0,0.0,0,False,False,False,False,True,False,False,False
1.0,650.0,16.0,11.0,10.0,2,1760.0,1760.0,0.0,0,False,False,False,False,True,False,False,False
1.0,3750.0,42.0,25.0,19.0,2,19950.0,19950.0,0.0,0,False,False,False,True,False,False,False,False
2.0,450.0,45.0,35.0,15.0,1,23625.0,23625.0,0.0,0,False,False,False,False,False,True,False,False
2.0,1250.0,36.0,24.0,16.0,3,13824.0,13824.0,0.0,0,False,False,False,False,False,False,True,False
1.0,350.0,16.0,15.0,16.0,1,3840.0,2415.0,0.5900621118012422,1,False,False,False,True,False,False,False,False
1.0,1800.0,45.0,35.0,14.0,1,22050.0,12550.0,0.7569721115537849,1,False,False,False,False,False,False,False,True
6.0,14900.0,48.0,48.0,30.0,1,69120.0,69120.0,0.0,0,False,False,False,False,True,False,False,False
2.0,8817.0,43.0,47.0,24.0,3,48504.0,48504.0,0.0,0,False,True,False,False,False,False,False,False
1.0,13600.0,58.0,58.0,28.0,1,94192.0,94192.0,0.0,0,False,True,False,False,False,False,False,False
2.0,1450.0,38.0,24.0,31.0,3,28272.0,28272.0,0.0,0,False,False,False,False,False,False,True,False
1.0,200.0,16.0,15.0,15.0,2,3600.0,3115.3333333333335,0.15557457735929803,0,False,False,False,False,False,False,True,False
1.0,1600.0,20.0,20.0,20.0,1,8000.0,8000.0,0.0,0,False,False,False,False,True,False,False,False
1.0,5750.0,30.0,31.0,19.0,1,17670.0,17670.0,0.0,0,False,False,False,False,False,False,True,False
1.0,4000.0,65.0,25.0,25.0,1,40625.0,40625.0,0.0,0,False,False,False,True,False,False,False,False
1.0,250.0,16.0,14.0,11.0,2,2464.0,1850.6666666666667,0.3314121037463976,1,False,False,False,False,False,False,True,False
1.0,150.0,26.0,16.0,16.0,2,6656.0,4608.0,0.4444444444444444,1,False,False,True,False,False,False,False,False
3.0,1100.0,32.0,21.0,9.0,1,6048.0,6048.0,0.0,0,True,False,False,False,False,False,False,False
3.0,800.0,21.0,14.0,8.0,1,2352.0,2352.0,0.0,0,False,False,True,False,False,False,False,False
3.0,2350.0,92.0,24.0,4.0,3,8832.0,8832.0,0.0,0,False,False,False,False,False,True,False,False
1.0,17600.0,65.0,45.0,36.0,1,105300.0,105300.0,0.0,0,False,False,False,False,False,False,False,True
1.0,250.0,17.0,12.0,12.0,2,2448.0,1850.6666666666667,0.32276657060518726,1,False,False,False,False,False,False,True,False
3.0,1700.0,34.0,16.0,18.0,3,9792.0,9792.0,0.0,0,False,False,True,False,False,False,False,False
3.0,2950.0,17.0,17.0,22.0,2,6358.0,6358.0,0.0,0,False,False,False,False,False,False,False,True
2.0,75.0,16.0,15.0,15.0,1,3600.0,3600.0,0.0,0,False,False,True,False,False,False,False,False
2.0,400.0,20.0,17.0,17.0,1,5780.0,13620.0,0.5756240822320118,1,False,False,False,False,False,False,False,True
1.0,1200.0,35.0,30.0,3.0,1,3150.0,6095.5,0.48322533016159464,1,False,False,False,False,False,True,False,False
6.0,2250.0,55.0,35.0,12.0,1,23100.0,23100.0,0.0,0,False,False,False,True,False,False,False,False
2.0,9500.0,42.0,25.0,54.0,2,56700.0,56700.0,0.0,0,False,False,False,False,False,False,False,True
3.0,200.0,19.0,11.0,4.0,3,836.0,760.0,0.1,0,False,False,True,False,False,False,False,False
1.0,1588.0,48.0,44.0,12.0,2,25344.0,25344.0,0.0,0,False,False,False,False,True,False,False,False
1.0,13600.0,16.0,60.0,65.0,1,62400.0,62400.0,0.0,0,False,False,False,False,False,False,False,True
6.0,1250.0,30.0,20.0,10.0,3,6000.0,6000.0,0.0,0,False,True,False,False,False,False,False,False
2.0,500.0,22.0,16.0,16.0,3,5632.0,5286.0,0.06545592130155127,0,False,False,False,False,False,True,False,False
1.0,3850.0,20.0,30.0,30.0,3,18000.0,18000.0,0.0,0,False,False,False,False,False,False,False,True
11.0,400.0,16.0,11.0,5.0,2,880.0,880.0,0.0,0,False,True,False,False,False,False,False,False
5.0,1500.0,68.0,33.0,9.0,1,20196.0,20196.0,0.0,0,False,False,False,False,False,True,False,False
1.0,975.0,31.0,21.0,12.0,2,7812.0,7812.0,0.0,0,False,False,False,True,False,False,False,False
1.0,950.0,29.0,25.0,10.0,1,7250.0,9875.0,0.26582278481012656,0,False,False,False,True,False,False,False,False
1.0,200.0,16.0,11.0,6.0,2,1056.0,1056.0,0.0,0,False,False,False,False,False,False,True,False
3.0,250.0,17.0,12.0,4.0,2,816.0,816.0,0.0,0,False,False,False,True,False,False,False,False
2.0,4000.0,52.0,52.0,6.0,3,16224.0,16224.0,0.0,0,False,False,True,False,False,False,False,False
3.0,200.0,30.0,30.0,30.0,1,27000.0,27000.0,0.0,0,False,False,False,False,False,False,True,False
3.0,300.0,30.0,22.0,26.0,3,17160.0,17160.0,0.0,0,False,False,False,False,False,False,False,True
1.0,400.0,25.0,17.0,10.0,3,4250.0,4250.0,0.0,0,True,False,False,False,False,False,False,False
1.0,2200.0,34.0,22.0,8.0,3,5984.0,5984.0,0.0,0,False,False,False,False,False,False,False,True
1.0,100.0,25.0,20.0,20.0,3,10000.0,5528.0,0.808972503617945,1,False,False,True,False,False,False,False,False
1.0,100.0,16.0,16.0,5.0,3,1280.0,834.6666666666666,0.5335463258785943,1,False,False,False,False,False,False,True,False
1.0,500.0,16.0,11.0,11.0,2,1936.0,1936.0,0.0,0,False,False,True,False,False,False,False,False
1.0,900.0,23.0,18.0,18.0,3,7452.0,5774.0,0.29061309317630757,0,False,False,False,False,False,False,True,False
1.0,350.0,22.0,15.0,3.0,1,990.0,2415.0,0.5900621118012422,1,False,False,False,True,False,False,False,False
2.0,650.0,20.0,15.0,11.0,3,3300.0,3300.0,0.0,0,False,False,False,False,False,False,False,True
10.0,5500.0,29.0,25.0,37.0,2,26825.0,26825.0,0.0,0,False,False,False,False,False,False,False,True
1.0,200.0,16.0,11.0,2.0,1,352.0,409.6,0.14062500000000006,0,False,False,False,True,False,False,False,False
1.0,300.0,17.0,11.0,12.0,1,2244.0,3287.0,0.31731061758442347,1,False,False,True,False,False,False,False,False
2.0,350.0,19.0,17.0,22.0,3,7106.0,7106.0,0.0,0,False,True,False,False,False,False,False,False
1.0,650.0,16.0,11.0,40.0,3,7040.0,5795.0,0.21484037963761865,0,False,True,False,False,False,False,False,False
1.0,100.0,16.0,11.0,8.0,1,1408.0,880.0,0.6,1,False,False,False,True,False,False,False,False
2.0,400.0,18.0,18.0,18.0,3,5832.0,5832.0,0.0,0,False,False,False,False,False,True,False,False
2.0,7683.0,38.0,52.0,45.0,2,88920.0,88920.0,0.0,0,False,True,False,False,False,False,False,False
2.0,100.0,22.0,11.0,4.0,2,968.0,1508.0,0.35809018567639256,1,False,False,False,False,True,False,False,False
6.0,250.0,16.0,11.0,2.0,2,352.0,352.0,0.0,0,False,False,True,False,False,False,False,False
1.0,1635.0,23.0,17.0,30.0,1,11730.0,11730.0,0.0,0,False,False,False,False,True,False,False,False
1.0,2700.0,16.0,25.0,30.0,3,12000.0,12000.0,0.0,0,False,False,False,False,False,False,True,False
1.0,550.0,26.0,17.0,17.0,3,7514.0,7514.0,0.0,0,False,False,False,True,False,False,False,False
2.0,1100.0,24.0,15.0,16.0,2,5760.0,5760.0,0.0,0,True,False,False,False,False,False,False,False
1.0,2350.0,33.0,37.0,7.0,3,8547.0,8547.0,0.0,0,False,False,False,False,True,False,False,False
6.0,100.0,18.0,14.0,6.0,1,1512.0,1164.0,0.29896907216494845,0,False,False,False,False,False,True,False,False
5.0,12400.0,35.0,50.0,35.0,2,61250.0,61250.0,0.0,0,False,False,False,False,True,False,False,False
1.0,1413.0,40.0,31.0,16.0,3,19840.0,19840.0,0.0,0,False,False,False,False,False,False,False,True
1.0,1200.0,40.0,37.0,10.0,1,14800.0,6095.5,1.4280206709867935,1,False,False,False,False,False,True,False,False
4.0,1150.0,30.0,30.0,30.0,3,27000.0,27000.0,0.0,0,False,False,False,False,True,False,False,False
3.0,8150.0,50.0,40.0,20.0,3,40000.0,40000.0,0.0,0,False,False,False,True,False,False,False,False
4.0,800.0,29.0,25.0,10.0,2,7250.0,7250.0,0.0,0,False,False,False,False,False,False,False,True
1.0,100.0,16.0,11.0,6.0,2,1056.0,5528.0,0.808972503617945,1,False,False,True,False,False,False,False,False
1.0,1100.0,25.0,21.0,22.0,3,11550.0,11275.0,0.024390243902439025,0,False,False,True,False,False,False,False,False
2.0,950.0,40.0,35.0,6.0,1,8400.0,9000.0,0.06666666666666667,0,False,False,False,True,False,False,False,False
1.0,1250.0,16.0,16.0,10.0,1,2560.0,5590.666666666667,0.5420939661340329,1,False,False,True,False,False,False,False,False
1.0,875.0,65.0,20.0,23.0,2,29900.0,29900.0,0.0,0,False,False,True,False,False,False,False,False
4.0,450.0,16.0,12.0,11.0,3,2112.0,2112.0,0.0,0,False,False,False,False,False,False,True,False
2.0,100.0,16.0,16.0,5.0,2,1280.0,1280.0,0.0,0,False,False,False,False,True,False,False,False
1.0,133.0,16.0,15.0,12.0,3,2880.0,2880.0,0.0,0,False,False,False,True,False,False,False,False
3.0,750.0,23.0,38.0,28.0,1,24472.0,15536.0,0.5751802265705458,1,True,False,False,False,False,False,False,False
6.0,1550.0,16.0,16.0,10.0,3,2560.0,2560.0,0.0,0,False,False,False,False,False,False,False,True
1.0,200.0,16.0,11.0,2.0,1,352.0,409.6,0.14062500000000006,0,False,False,False,True,False,False,False,False
1.0,217.0,17.0,14.0,10.0,3,2380.0,2847.5,0.16417910447761194,0,False,False,False,False,False,True,False,False
2.0,18600.0,38.0,38.0,74.0,1,106856.0,106856.0,0.0,0,False,False,False,True,False,False,False,False
2.0,100.0,16.0,16.0,16.0,3,4096.0,4096.0,0.0,0,False,False,True,False,False,False,False,False
4.0,18200.0,40.0,40.0,60.0,1,96000.0,96000.0,0.0,0,False,False,False,False,False,True,False,False
8.0,18000.0,50.0,20.0,20.0,2,20000.0,20000.0,0.0,0,True,False,False,False,False,False,False,False
1.0,4550.0,40.0,32.0,21.0,2,26880.0,26880.0,0.0,0,False,True,False,False,False,False,False,False
3.0,225.0,17.0,20.0,5.0,2,1700.0,1700.0,0.0,0,False,False,False,False,False,False,True,False
1.0,150.0,22.0,16.0,7.0,3,2464.0,3152.0,0.2182741116751269,0,False,True,False,False,False,False,False,False
1.0,750.0,26.0,23.0,23.0,3,13754.0,13754.0,0.0,0,False,False,False,False,False,False,False,True
3.0,30000.0,76.0,51.0,51.0,1,197676.0,197676.0,0.0,0,True,False,False,False,False,False,False,False
1.0,200.0,20.0,15.0,15.0,1,4500.0,4243.25,0.0605078654333353,0,False,False,False,False,True,False,False,False
1.0,500.0,24.0,24.0,20.0,3,11520.0,11520.0,0.0,0,False,False,False,True,False,False,False,False
1.0,750.0,16.0,16.0,16.0,3,4096.0,4096.0,0.0,0,False,False,False,False,True,False,False,False
7.0,1100.0,35.0,29.0,14.0,1,14210.0,14210.0,0.0,0,False,False,False,False,False,False,True,False
1.0,950.0,50.0,50.0,5.0,3,12500.0,9875.0,0.26582278481012656,0,False,False,False,True,False,False,False,False
1.0,700.0,16.0,11.0,40.0,2,7040.0,4914.0,0.4326414326414326,1,False,False,False,False,False,False,True,False
1.0,2500.0,35.0,25.0,9.0,3,7875.0,7875.0,0.0,0,False,True,False,False,False,False,False,False
2.0,150.0,16.0,12.0,7.0,2,1344.0,5477.333333333333,0.7546251217137293,1,False,True,False,False,False,False,False,False
2.0,1150.0,32.0,30.0,5.0,2,4800.0,4800.0,0.0,0,False,False,False,False,False,True,False,False
4.0,1150.0,27.0,16.0,15.0,2,6480.0,6480.0,0.0,0,False,False,False,False,True,False,False,False
2.0,100.0,24.0,16.0,11.0,1,4224.0,4224.0,0.0,0,False,False,False,True,False,False,False,False
1.0,2050.0,42.0,15.0,25.0,2,15750.0,15750.0,0.0,0,False,False,False,False,False,False,False,True
1.0,415.0,23.0,18.0,19.0,1,7866.0,7866.0,0.0,0,False,False,False,False,False,True,False,False
3.0,200.0,24.0,17.0,2.0,1,816.0,816.0,0.0,0,False,False,False,True,False,False,False,False
1.0,600.0,28.0,17.0,18.0,1,8568.0,5168.5,0.6577343523265938,1,True,False,False,False,False,False,False,False
6.0,100.0,29.0,16.0,7.0,1,3248.0,3248.0,0.0,0,False,False,False,False,True,False,False,False
1.0,700.0,16.0,20.0,30.0,1,9600.0,18490.0,0.4808004326663061,1,False,False,False,True,False,False,False,False
6.0,1000.0,28.0,13.0,13.0,3,4732.0,4732.0,0.0,0,False,False,False,False,False,False,True,False
1.0,1550.0,32.0,29.0,8.0,3,7424.0,7424.0,0.0,0,False,False,False,False,False,False,True,False
1.0,300.0,20.0,20.0,20.0,3,8000.0,7148.0,0.11919418019026301,0,True,False,False,False,False,False,False,False
1.0,1000.0,20.0,14.0,20.0,3,5600.0,6800.0,0.17647058823529413,0,True,False,False,False,False,False,False,False
7.0,1300.0,29.0,18.0,9.0,3,4698.0,4698.0,0.0,0,False,False,False,False,False,False,True,False
1.0,1800.0,42.0,15.0,25.0,1,15750.0,15750.0,0.0,0,False,False,True,False,False,False,False,False
4.0,16900.0,38.0,38.0,70.0,1,101080.0,101080.0,0.0,0,False,False,False,False,False,False,False,True
1.0,1400.0,60.0,16.0,30.0,1,28800.0,28800.0,0.0,0,False,False,False,False,True,False,False,False
1.0,1200.0,42.0,15.0,25.0,1,15750.0,15750.0,0.0,0,False,False,False,False,False,False,True,False
1.0,450.0,29.0,17.0,2.0,1,986.0,986.0,0.0,0,False,True,False,False,False,False,False,False
2.0,452.0,20.0,18.0,11.0,3,3960.0,3960.0,0.0,0,False,True,False,False,False,False,False,False
3.0,850.0,48.0,25.0,16.0,2,19200.0,19200.0,0.0,0,False,False,False,False,False,False,False,True
6.0,850.0,24.0,18.0,13.0,2,5616.0,5616.0,0.0,0,False,False,False,False,False,False,False,True
1.0,1350.0,18.0,16.0,17.0,2,4896.0,4896.0,0.0,0,False,False,False,False,False,True,False,False
1.0,8809.0,52.0,17.0,52.0,3,45968.0,45968.0,0.0,0,False,False,False,False,True,False,False,False
2.0,253.0,18.0,13.0,11.0,3,2574.0,2574.0,0.0,0,False,False,False,False,False,False,True,False
3.0,667.0,20.0,18.0,17.0,1,6120.0,6120.0,0.0,0,False,False,False,True,False,False,False,False
1.0,7100.0,29.0,29.0,8.0,2,6728.0,6728.0,0.0,0,False,False,False,False,False,True,False,False
2.0,3000.0,69.0,11.0,11.0,2,8349.0,8349.0,0.0,0,False,False,False,False,False,True,False,False
3.0,10900.0,71.0,45.0,25.0,2,79875.0,79875.0,0.0,0,True,False,False,False,False,False,False,False
2.0,800.0,68.0,13.0,8.0,2,7072.0,6976.0,0.013761467889908258,0,False,False,False,False,True,False,False,False
1.0,2000.0,28.0,15.0,8.0,3,3360.0,3360.0,0.0,0,False,False,False,False,True,False,False,False
5.0,300.0,16.0,11.0,7.0,2,1232.0,1024.0,0.203125,0,False,False,False,True,False,False,False,False
1.0,150.0,16.0,15.0,16.0,3,3840.0,3152.0,0.2182741116751269,0,False,True,False,False,False,False,False,False
4.0,500.0,30.0,16.0,14.0,3,6720.0,6720.0,0.0,0,False,False,False,False,False,False,False,True
3.0,750.0,30.0,20.0,11.0,3,6600.0,15536.0,0.5751802265705458,1,True,False,False,False,False,False,False,False
5.0,300.0,17.0,12.0,4.0,3,816.0,1024.0,0.203125,0,False,False,False,True,False,False,False,False
1.0,350.0,16.0,16.0,10.0,2,2560.0,2560.0,0.0,0,False,False,False,False,False,True,False,False
1.0,150.0,24.0,13.0,13.0,3,4056.0,4056.0,0.0,0,True,False,False,False,False,False,False,False
2.0,1500.0,40.0,30.0,45.0,2,54000.0,54000.0,0.0,0,False,False,False,False,False,False,True,False
1.0,200.0,30.0,15.0,15.0,1,6750.0,6750.0,0.0,0,True,False,False,False,False,False,False,False
1.0,420.0,28.0,22.0,12.0,2,7392.0,7392.0,0.0,0,True,False,False,False,False,False,False,False
3.0,200.0,16.0,11.0,2.0,3,352.0,352.0,0.0,0,False,False,True,False,False,False,False,False
2.0,150.0,20.0,12.0,5.0,1,1200.0,952.0,0.2605042016806723,0,True,False,False,False,False,False,False,False
2.0,1200.0,65.0,12.0,12.0,1,9360.0,9360.0,0.0,0,False,False,False,False,False,True,False,False
2.0,600.0,65.0,11.0,11.0,1,7865.0,8794.5,0.10569105691056911,0,False,True,False,False,False,False,False,False
6.0,1400.0,20.0,22.0,16.0,2,7040.0,7040.0,0.0,0,False,False,False,False,False,True,False,False
5.0,1100.0,23.0,38.0,7.0,2,6118.0,6118.0,0.0,0,False,False,False,True,False,False,False,False
1.0,250.0,17.0,10.0,3.0,2,510.0,510.0,0.0,0,False,False,False,False,False,False,False,True
2.0,5903.0,38.0,33.0,31.0,2,38874.0,38874.0,0.0,0,True,False,False,False,False,False,False,False
3.0,200.0,55.0,55.0,6.0,1,18150.0,18150.0,0.0,0,False,False,False,False,False,True,False,False
2.0,8350.0,38.0,28.0,30.0,1,31920.0,31920.0,0.0,0,False,False,False,True,False,False,False,False
1.0,800.0,16.0,18.0,11.0,2,3168.0,4043.75,0.21656877897990726,0,False,False,False,False,False,False,False,True
2.0,350.0,20.0,20.0,20.0,2,8000.0,8000.0,0.0,0,False,False,False,False,False,False,False,True
7.0,300.0,16.0,20.0,2.0,2,640.0,640.0,0.0,0,False,False,False,False,True,False,False,False
5.0,6600.0,45.0,35.0,25.0,3,39375.0,39375.0,0.0,0,False,True,False,False,False,False,False,False
1.0,750.0,16.0,11.0,11.0,3,1936.0,1936.0,0.0,0,False,False,False,False,False,False,True,False
3.0,300.0,17.0,12.0,4.0,2,816.0,816.0,0.0,0,False,False,False,True,False,False,False,False
1.0,350.0,45.0,35.0,15.0,1,23625.0,13324.5,0.7730496453900709,1,False,False,False,True,False,False,False,False
9.0,4200.0,40.0,40.0,35.0,3,56000.0,56000.0,0.0,0,False,False,False,False,False,False,True,False
1.0,2200.0,35.0,30.0,20.0,3,21000.0,25669.0,0.18189255522225253,0,False,False,False,True,False,False,False,False
1.0,250.0,16.0,16.0,10.0,2,2560.0,1789.3333333333333,0.43070044709388977,1,False,False,False,False,False,True,False,False
10.0,10750.0,50.0,50.0,50.0,2,125000.0,125000.0,0.0,0,False,False,False,False,False,False,False,True
1.0,550.0,17.0,13.0,9.0,2,1989.0,1989.0,0.0,0,False,True,False,False,False,False,False,False
1.0,2650.0,46.0,38.0,8.0,3,13984.0,12437.0,0.12438691002653374,0,False,False,False,False,False,False,True,False
1.0,2413.0,69.0,57.0,39.0,2,153387.0,153387.0,0.0,0,False,False,False,False,False,False,False,True
1.0,1550.0,32.0,23.0,40.0,2,29440.0,22770.0,0.29292929292929293,0,False,False,False,False,False,False,True,False
2.0,1000.0,60.0,15.0,15.0,3,13500.0,13500.0,0.0,0,False,True,False,False,False,False,False,False
2.0,6397.0,50.0,48.0,24.0,3,57600.0,57600.0,0.0,0,False,False,True,False,False,False,False,False
1.0,150.0,20.0,20.0,20.0,3,8000.0,3409.0,1.3467292461132296,1,True,False,False,False,False,False,False,False
3.0,1500.0,25.0,25.0,15.0,1,9375.0,9375.0,0.0,0,False,True,False,False,False,False,False,False
1.0,850.0,43.0,24.0,5.0,1,5160.0,5415.0,0.04709141274238227,0,False,False,False,False,True,False,False,False
1.0,1150.0,31.0,31.0,29.0,1,27869.0,17905.5,0.556449135740415,1,False,False,True,False,False,False,False,False
4.0,250.0,22.0,15.0,6.0,2,1980.0,1980.0,0.0,0,True,False,False,False,False,False,False,False
6.0,30000.0,100.0,50.0,50.0,3,250000.0,250000.0,0.0,0,False,False,False,False,False,True,False,False
5.0,150.0,16.0,11.0,5.0,2,880.0,880.0,0.0,0,False,False,False,False,False,False,True,False
2.0,400.0,29.0,37.0,20.0,1,21460.0,13620.0,0.5756240822320118,1,False,False,False,False,False,False,False,True
